peptide	hla	rank_percent	affinity_nm	binder	method	evidence
AAAAAAAH	HLA-A*02:01	4.5		non-binder	rule-based-fallback-v0.1	No NetMHCpan/MHCflurry executable detected; deterministic fallback used. Academic-use workflow notice: NetMHCpan and MHCflurry are external tools. Before using either predictor, contact the original authors and comply with their licenses and citation requirements.
AAAAAAHA	HLA-A*02:01	4.5		non-binder	rule-based-fallback-v0.1	No NetMHCpan/MHCflurry executable detected; deterministic fallback used. Academic-use workflow notice: NetMHCpan and MHCflurry are external tools. Before using either predictor, contact the original authors and comply with their licenses and citation requirements.
AAAAAHAA	HLA-A*02:01	4.5		non-binder	rule-based-fallback-v0.1	No NetMHCpan/MHCflurry executable detected; deterministic fallback used. Academic-use workflow notice: NetMHCpan and MHCflurry are external tools. Before using either predictor, contact the original authors and comply with their licenses and citation requirements.
AAAAHAAA	HLA-A*02:01	4.5		non-binder	rule-based-fallback-v0.1	No NetMHCpan/MHCflurry executable detected; deterministic fallback used. Academic-use workflow notice: NetMHCpan and MHCflurry are external tools. Before using either predictor, contact the original authors and comply with their licenses and citation requirements.
AAAHAAAA	HLA-A*02:01	4.5		non-binder	rule-based-fallback-v0.1	No NetMHCpan/MHCflurry executable detected; deterministic fallback used. Academic-use workflow notice: NetMHCpan and MHCflurry are external tools. Before using either predictor, contact the original authors and comply with their licenses and citation requirements.
AAHAAAAA	HLA-A*02:01	4.5		non-binder	rule-based-fallback-v0.1	No NetMHCpan/MHCflurry executable detected; deterministic fallback used. Academic-use workflow notice: NetMHCpan and MHCflurry are external tools. Before using either predictor, contact the original authors and comply with their licenses and citation requirements.
AHAAAAAA	HLA-A*02:01	4.5		non-binder	rule-based-fallback-v0.1	No NetMHCpan/MHCflurry executable detected; deterministic fallback used. Academic-use workflow notice: NetMHCpan and MHCflurry are external tools. Before using either predictor, contact the original authors and comply with their licenses and citation requirements.
HAAAAAAA	HLA-A*02:01	4.5		non-binder	rule-based-fallback-v0.1	No NetMHCpan/MHCflurry executable detected; deterministic fallback used. Academic-use workflow notice: NetMHCpan and MHCflurry are external tools. Before using either predictor, contact the original authors and comply with their licenses and citation requirements.
AAAAAAAAH	HLA-A*02:01	4.5		non-binder	rule-based-fallback-v0.1	No NetMHCpan/MHCflurry executable detected; deterministic fallback used. Academic-use workflow notice: NetMHCpan and MHCflurry are external tools. Before using either predictor, contact the original authors and comply with their licenses and citation requirements.
AAAAAAAHA	HLA-A*02:01	4.5		non-binder	rule-based-fallback-v0.1	No NetMHCpan/MHCflurry executable detected; deterministic fallback used. Academic-use workflow notice: NetMHCpan and MHCflurry are external tools. Before using either predictor, contact the original authors and comply with their licenses and citation requirements.
AAAAAAHAA	HLA-A*02:01	4.5		non-binder	rule-based-fallback-v0.1	No NetMHCpan/MHCflurry executable detected; deterministic fallback used. Academic-use workflow notice: NetMHCpan and MHCflurry are external tools. Before using either predictor, contact the original authors and comply with their licenses and citation requirements.
AAAAAHAAA	HLA-A*02:01	4.5		non-binder	rule-based-fallback-v0.1	No NetMHCpan/MHCflurry executable detected; deterministic fallback used. Academic-use workflow notice: NetMHCpan and MHCflurry are external tools. Before using either predictor, contact the original authors and comply with their licenses and citation requirements.
AAAAHAAAA	HLA-A*02:01	4.5		non-binder	rule-based-fallback-v0.1	No NetMHCpan/MHCflurry executable detected; deterministic fallback used. Academic-use workflow notice: NetMHCpan and MHCflurry are external tools. Before using either predictor, contact the original authors and comply with their licenses and citation requirements.
AAAHAAAAA	HLA-A*02:01	4.5		non-binder	rule-based-fallback-v0.1	No NetMHCpan/MHCflurry executable detected; deterministic fallback used. Academic-use workflow notice: NetMHCpan and MHCflurry are external tools. Before using either predictor, contact the original authors and comply with their licenses and citation requirements.
AAHAAAAAA	HLA-A*02:01	4.5		non-binder	rule-based-fallback-v0.1	No NetMHCpan/MHCflurry executable detected; deterministic fallback used. Academic-use workflow notice: NetMHCpan and MHCflurry are external tools. Before using either predictor, contact the original authors and comply with their licenses and citation requirements.
AHAAAAAAA	HLA-A*02:01	4.5		non-binder	rule-based-fallback-v0.1	No NetMHCpan/MHCflurry executable detected; deterministic fallback used. Academic-use workflow notice: NetMHCpan and MHCflurry are external tools. Before using either predictor, contact the original authors and comply with their licenses and citation requirements.
HAAAAAAAA	HLA-A*02:01	4.5		non-binder	rule-based-fallback-v0.1	No NetMHCpan/MHCflurry executable detected; deterministic fallback used. Academic-use workflow notice: NetMHCpan and MHCflurry are external tools. Before using either predictor, contact the original authors and comply with their licenses and citation requirements.
AAAAAAAAAH	HLA-A*02:01	4.5		non-binder	rule-based-fallback-v0.1	No NetMHCpan/MHCflurry executable detected; deterministic fallback used. Academic-use workflow notice: NetMHCpan and MHCflurry are external tools. Before using either predictor, contact the original authors and comply with their licenses and citation requirements.
AAAAAAAAHA	HLA-A*02:01	4.5		non-binder	rule-based-fallback-v0.1	No NetMHCpan/MHCflurry executable detected; deterministic fallback used. Academic-use workflow notice: NetMHCpan and MHCflurry are external tools. Before using either predictor, contact the original authors and comply with their licenses and citation requirements.
AAAAAAAHAA	HLA-A*02:01	4.5		non-binder	rule-based-fallback-v0.1	No NetMHCpan/MHCflurry executable detected; deterministic fallback used. Academic-use workflow notice: NetMHCpan and MHCflurry are external tools. Before using either predictor, contact the original authors and comply with their licenses and citation requirements.
AAAAAAHAAA	HLA-A*02:01	4.5		non-binder	rule-based-fallback-v0.1	No NetMHCpan/MHCflurry executable detected; deterministic fallback used. Academic-use workflow notice: NetMHCpan and MHCflurry are external tools. Before using either predictor, contact the original authors and comply with their licenses and citation requirements.
AAAAAHAAAA	HLA-A*02:01	4.5		non-binder	rule-based-fallback-v0.1	No NetMHCpan/MHCflurry executable detected; deterministic fallback used. Academic-use workflow notice: NetMHCpan and MHCflurry are external tools. Before using either predictor, contact the original authors and comply with their licenses and citation requirements.
AAAAHAAAAA	HLA-A*02:01	4.5		non-binder	rule-based-fallback-v0.1	No NetMHCpan/MHCflurry executable detected; deterministic fallback used. Academic-use workflow notice: NetMHCpan and MHCflurry are external tools. Before using either predictor, contact the original authors and comply with their licenses and citation requirements.
AAAHAAAAAA	HLA-A*02:01	4.5		non-binder	rule-based-fallback-v0.1	No NetMHCpan/MHCflurry executable detected; deterministic fallback used. Academic-use workflow notice: NetMHCpan and MHCflurry are external tools. Before using either predictor, contact the original authors and comply with their licenses and citation requirements.
AAHAAAAAAA	HLA-A*02:01	4.5		non-binder	rule-based-fallback-v0.1	No NetMHCpan/MHCflurry executable detected; deterministic fallback used. Academic-use workflow notice: NetMHCpan and MHCflurry are external tools. Before using either predictor, contact the original authors and comply with their licenses and citation requirements.
AHAAAAAAAA	HLA-A*02:01	4.5		non-binder	rule-based-fallback-v0.1	No NetMHCpan/MHCflurry executable detected; deterministic fallback used. Academic-use workflow notice: NetMHCpan and MHCflurry are external tools. Before using either predictor, contact the original authors and comply with their licenses and citation requirements.
HAAAAAAAAA	HLA-A*02:01	4.5		non-binder	rule-based-fallback-v0.1	No NetMHCpan/MHCflurry executable detected; deterministic fallback used. Academic-use workflow notice: NetMHCpan and MHCflurry are external tools. Before using either predictor, contact the original authors and comply with their licenses and citation requirements.
AAAAAAAAAAH	HLA-A*02:01	4.5		non-binder	rule-based-fallback-v0.1	No NetMHCpan/MHCflurry executable detected; deterministic fallback used. Academic-use workflow notice: NetMHCpan and MHCflurry are external tools. Before using either predictor, contact the original authors and comply with their licenses and citation requirements.
AAAAAAAAAHA	HLA-A*02:01	4.5		non-binder	rule-based-fallback-v0.1	No NetMHCpan/MHCflurry executable detected; deterministic fallback used. Academic-use workflow notice: NetMHCpan and MHCflurry are external tools. Before using either predictor, contact the original authors and comply with their licenses and citation requirements.
AAAAAAAAHAA	HLA-A*02:01	4.5		non-binder	rule-based-fallback-v0.1	No NetMHCpan/MHCflurry executable detected; deterministic fallback used. Academic-use workflow notice: NetMHCpan and MHCflurry are external tools. Before using either predictor, contact the original authors and comply with their licenses and citation requirements.
AAAAAAAHAAA	HLA-A*02:01	4.5		non-binder	rule-based-fallback-v0.1	No NetMHCpan/MHCflurry executable detected; deterministic fallback used. Academic-use workflow notice: NetMHCpan and MHCflurry are external tools. Before using either predictor, contact the original authors and comply with their licenses and citation requirements.
AAAAAAHAAAA	HLA-A*02:01	4.5		non-binder	rule-based-fallback-v0.1	No NetMHCpan/MHCflurry executable detected; deterministic fallback used. Academic-use workflow notice: NetMHCpan and MHCflurry are external tools. Before using either predictor, contact the original authors and comply with their licenses and citation requirements.
AAAAAHAAAAA	HLA-A*02:01	4.5		non-binder	rule-based-fallback-v0.1	No NetMHCpan/MHCflurry executable detected; deterministic fallback used. Academic-use workflow notice: NetMHCpan and MHCflurry are external tools. Before using either predictor, contact the original authors and comply with their licenses and citation requirements.
AAAAHAAAAAA	HLA-A*02:01	4.5		non-binder	rule-based-fallback-v0.1	No NetMHCpan/MHCflurry executable detected; deterministic fallback used. Academic-use workflow notice: NetMHCpan and MHCflurry are external tools. Before using either predictor, contact the original authors and comply with their licenses and citation requirements.
AAAHAAAAAAA	HLA-A*02:01	4.5		non-binder	rule-based-fallback-v0.1	No NetMHCpan/MHCflurry executable detected; deterministic fallback used. Academic-use workflow notice: NetMHCpan and MHCflurry are external tools. Before using either predictor, contact the original authors and comply with their licenses and citation requirements.
AAHAAAAAAAA	HLA-A*02:01	4.5		non-binder	rule-based-fallback-v0.1	No NetMHCpan/MHCflurry executable detected; deterministic fallback used. Academic-use workflow notice: NetMHCpan and MHCflurry are external tools. Before using either predictor, contact the original authors and comply with their licenses and citation requirements.
AHAAAAAAAAA	HLA-A*02:01	4.5		non-binder	rule-based-fallback-v0.1	No NetMHCpan/MHCflurry executable detected; deterministic fallback used. Academic-use workflow notice: NetMHCpan and MHCflurry are external tools. Before using either predictor, contact the original authors and comply with their licenses and citation requirements.
HAAAAAAAAAA	HLA-A*02:01	4.5		non-binder	rule-based-fallback-v0.1	No NetMHCpan/MHCflurry executable detected; deterministic fallback used. Academic-use workflow notice: NetMHCpan and MHCflurry are external tools. Before using either predictor, contact the original authors and comply with their licenses and citation requirements.
