gene	mutation	sequence	length	start	end	mutation_position	mutation_index	wildtype_peptide	mutant_peptide	flanking_context	sequence_context
TP53	R175H	AAAAAAAH	8	168	175	175	7	AAAAAAAR	AAAAAAAH	AAAAAAAAAAHAAA	mutated_from_wildtype_sequence
TP53	R175H	AAAAAAHA	8	169	176	175	6	AAAAAARA	AAAAAAHA	AAAAAAAAAHAAAA	mutated_from_wildtype_sequence
TP53	R175H	AAAAAHAA	8	170	177	175	5	AAAAARAA	AAAAAHAA	AAAAAAAAHAAAAA	mutated_from_wildtype_sequence
TP53	R175H	AAAAHAAA	8	171	178	175	4	AAAARAAA	AAAAHAAA	AAAAAAAHAAAAAA	mutated_from_wildtype_sequence
TP53	R175H	AAAHAAAA	8	172	179	175	3	AAARAAAA	AAAHAAAA	AAAAAAHAAAAAAA	mutated_from_wildtype_sequence
TP53	R175H	AAHAAAAA	8	173	180	175	2	AARAAAAA	AAHAAAAA	AAAAAHAAAAAAAA	mutated_from_wildtype_sequence
TP53	R175H	AHAAAAAA	8	174	181	175	1	ARAAAAAA	AHAAAAAA	AAAAHAAAAAAAAA	mutated_from_wildtype_sequence
TP53	R175H	HAAAAAAA	8	175	182	175	0	RAAAAAAA	HAAAAAAA	AAAHAAAAAAAAAA	mutated_from_wildtype_sequence
TP53	R175H	AAAAAAAAH	9	167	175	175	8	AAAAAAAAR	AAAAAAAAH	AAAAAAAAAAAHAAA	mutated_from_wildtype_sequence
TP53	R175H	AAAAAAAHA	9	168	176	175	7	AAAAAAARA	AAAAAAAHA	AAAAAAAAAAHAAAA	mutated_from_wildtype_sequence
TP53	R175H	AAAAAAHAA	9	169	177	175	6	AAAAAARAA	AAAAAAHAA	AAAAAAAAAHAAAAA	mutated_from_wildtype_sequence
TP53	R175H	AAAAAHAAA	9	170	178	175	5	AAAAARAAA	AAAAAHAAA	AAAAAAAAHAAAAAA	mutated_from_wildtype_sequence
TP53	R175H	AAAAHAAAA	9	171	179	175	4	AAAARAAAA	AAAAHAAAA	AAAAAAAHAAAAAAA	mutated_from_wildtype_sequence
TP53	R175H	AAAHAAAAA	9	172	180	175	3	AAARAAAAA	AAAHAAAAA	AAAAAAHAAAAAAAA	mutated_from_wildtype_sequence
TP53	R175H	AAHAAAAAA	9	173	181	175	2	AARAAAAAA	AAHAAAAAA	AAAAAHAAAAAAAAA	mutated_from_wildtype_sequence
TP53	R175H	AHAAAAAAA	9	174	182	175	1	ARAAAAAAA	AHAAAAAAA	AAAAHAAAAAAAAAA	mutated_from_wildtype_sequence
TP53	R175H	HAAAAAAAA	9	175	183	175	0	RAAAAAAAA	HAAAAAAAA	AAAHAAAAAAAAAAA	mutated_from_wildtype_sequence
TP53	R175H	AAAAAAAAAH	10	166	175	175	9	AAAAAAAAAR	AAAAAAAAAH	AAAAAAAAAAAAHAAA	mutated_from_wildtype_sequence
TP53	R175H	AAAAAAAAHA	10	167	176	175	8	AAAAAAAARA	AAAAAAAAHA	AAAAAAAAAAAHAAAA	mutated_from_wildtype_sequence
TP53	R175H	AAAAAAAHAA	10	168	177	175	7	AAAAAAARAA	AAAAAAAHAA	AAAAAAAAAAHAAAAA	mutated_from_wildtype_sequence
TP53	R175H	AAAAAAHAAA	10	169	178	175	6	AAAAAARAAA	AAAAAAHAAA	AAAAAAAAAHAAAAAA	mutated_from_wildtype_sequence
TP53	R175H	AAAAAHAAAA	10	170	179	175	5	AAAAARAAAA	AAAAAHAAAA	AAAAAAAAHAAAAAAA	mutated_from_wildtype_sequence
TP53	R175H	AAAAHAAAAA	10	171	180	175	4	AAAARAAAAA	AAAAHAAAAA	AAAAAAAHAAAAAAAA	mutated_from_wildtype_sequence
TP53	R175H	AAAHAAAAAA	10	172	181	175	3	AAARAAAAAA	AAAHAAAAAA	AAAAAAHAAAAAAAAA	mutated_from_wildtype_sequence
TP53	R175H	AAHAAAAAAA	10	173	182	175	2	AARAAAAAAA	AAHAAAAAAA	AAAAAHAAAAAAAAAA	mutated_from_wildtype_sequence
TP53	R175H	AHAAAAAAAA	10	174	183	175	1	ARAAAAAAAA	AHAAAAAAAA	AAAAHAAAAAAAAAAA	mutated_from_wildtype_sequence
TP53	R175H	HAAAAAAAAA	10	175	184	175	0	RAAAAAAAAA	HAAAAAAAAA	AAAHAAAAAAAAAAAA	mutated_from_wildtype_sequence
TP53	R175H	AAAAAAAAAAH	11	165	175	175	10	AAAAAAAAAAR	AAAAAAAAAAH	AAAAAAAAAAAAAHAAA	mutated_from_wildtype_sequence
TP53	R175H	AAAAAAAAAHA	11	166	176	175	9	AAAAAAAAARA	AAAAAAAAAHA	AAAAAAAAAAAAHAAAA	mutated_from_wildtype_sequence
TP53	R175H	AAAAAAAAHAA	11	167	177	175	8	AAAAAAAARAA	AAAAAAAAHAA	AAAAAAAAAAAHAAAAA	mutated_from_wildtype_sequence
TP53	R175H	AAAAAAAHAAA	11	168	178	175	7	AAAAAAARAAA	AAAAAAAHAAA	AAAAAAAAAAHAAAAAA	mutated_from_wildtype_sequence
TP53	R175H	AAAAAAHAAAA	11	169	179	175	6	AAAAAARAAAA	AAAAAAHAAAA	AAAAAAAAAHAAAAAAA	mutated_from_wildtype_sequence
TP53	R175H	AAAAAHAAAAA	11	170	180	175	5	AAAAARAAAAA	AAAAAHAAAAA	AAAAAAAAHAAAAAAAA	mutated_from_wildtype_sequence
TP53	R175H	AAAAHAAAAAA	11	171	181	175	4	AAAARAAAAAA	AAAAHAAAAAA	AAAAAAAHAAAAAAAAA	mutated_from_wildtype_sequence
TP53	R175H	AAAHAAAAAAA	11	172	182	175	3	AAARAAAAAAA	AAAHAAAAAAA	AAAAAAHAAAAAAAAAA	mutated_from_wildtype_sequence
TP53	R175H	AAHAAAAAAAA	11	173	183	175	2	AARAAAAAAAA	AAHAAAAAAAA	AAAAAHAAAAAAAAAAA	mutated_from_wildtype_sequence
TP53	R175H	AHAAAAAAAAA	11	174	184	175	1	ARAAAAAAAAA	AHAAAAAAAAA	AAAAHAAAAAAAAAAAA	mutated_from_wildtype_sequence
TP53	R175H	HAAAAAAAAAA	11	175	185	175	0	RAAAAAAAAAA	HAAAAAAAAAA	AAAHAAAAAAAAAAAAA	mutated_from_wildtype_sequence
