query_peptide	matched_epitope	distance	similarity_score	blosum62_score	mutation_site_match	same_hla	source	candidate_id
VVVGADGVGK	VVVGADGVGK	0	1.0	49	yes	yes	NeoTCR	NEOTCR-KRAS-G12D-001
GADGVGKSAL	GADGVGKSAL	0	1.0	49	yes	yes	IEDB	IEDB-KRAS-G12D-001
GADGVGKSAL	GADGVGKSAL	0	1.0	49	yes	yes	IEDB	IEDB-KRAS-G12D-001
GADGVGKSAL	GADGVGKSAL	0	1.0	49	yes	yes	IEDB	IEDB-KRAS-G12D-001
GADGVGKSAL	GADGVGKSAL	0	1.0	49	yes	yes	IEDB	IEDB-KRAS-G12D-001
GADGVGKSAL	GADGVGKSAL	0	1.0	49	yes	yes	IEDB	IEDB-KRAS-G12D-001
GADGVGKSAL	GADGVGKSAL	0	1.0	49	yes	yes	IEDB	IEDB-KRAS-G12D-001
GADGVGKSAL	GADGVGKSAL	0	1.0	49	yes	yes	IEDB	IEDB-KRAS-G12D-001
GADGVGKSAL	GADGVGKSAL	0	1.0	49	yes	yes	IEDB	IEDB-KRAS-G12D-001
GADGVGKSAL	GADGVGKSAL	0	1.0	49	yes	yes	IEDB	IEDB-KRAS-G12D-001
VVGADGVGK	VVGADGVGK	0	1.0	45	yes	yes	VDJdb	VDJDB-KRAS-G12D-001
VVGADGVGK	VVGADGVGK	0	1.0	45	yes	yes	VDJdb	VDJDB-KRAS-G12D-001
VVGADGVGK	VVGADGVGK	0	1.0	45	yes	yes	VDJdb	VDJDB-KRAS-G12D-001
VVGADGVGK	VVGADGVGK	0	1.0	45	yes	yes	VDJdb	VDJDB-KRAS-G12D-001
VVGADGVGK	VVGADGVGK	0	1.0	45	yes	yes	VDJdb	VDJDB-KRAS-G12D-001
VVVGADGVGKS	VVVGADGVGK	1	0.909	45	yes	yes	NeoTCR	NEOTCR-KRAS-G12D-001
GADGVGKSALT	GADGVGKSAL	1	0.909	45	yes	yes	IEDB	IEDB-KRAS-G12D-001
GADGVGKSALT	GADGVGKSAL	1	0.909	45	yes	yes	IEDB	IEDB-KRAS-G12D-001
GADGVGKSALT	GADGVGKSAL	1	0.909	45	yes	yes	IEDB	IEDB-KRAS-G12D-001
GADGVGKSALT	GADGVGKSAL	1	0.909	45	yes	yes	IEDB	IEDB-KRAS-G12D-001
GADGVGKSALT	GADGVGKSAL	1	0.909	45	yes	yes	IEDB	IEDB-KRAS-G12D-001
GADGVGKSALT	GADGVGKSAL	1	0.909	45	yes	yes	IEDB	IEDB-KRAS-G12D-001
GADGVGKSALT	GADGVGKSAL	1	0.909	45	yes	yes	IEDB	IEDB-KRAS-G12D-001
GADGVGKSALT	GADGVGKSAL	1	0.909	45	yes	yes	IEDB	IEDB-KRAS-G12D-001
GADGVGKSALT	GADGVGKSAL	1	0.909	45	yes	yes	IEDB	IEDB-KRAS-G12D-001
LVVVGADGVGK	VVVGADGVGK	1	0.909	-9	no	yes	NeoTCR	NEOTCR-KRAS-G12D-001
VGADGVGKSAL	GADGVGKSAL	1	0.909	-18	no	yes	IEDB	IEDB-KRAS-G12D-001
VGADGVGKSAL	GADGVGKSAL	1	0.909	-18	no	yes	IEDB	IEDB-KRAS-G12D-001
VGADGVGKSAL	GADGVGKSAL	1	0.909	-18	no	yes	IEDB	IEDB-KRAS-G12D-001
VGADGVGKSAL	GADGVGKSAL	1	0.909	-18	no	yes	IEDB	IEDB-KRAS-G12D-001
VGADGVGKSAL	GADGVGKSAL	1	0.909	-18	no	yes	IEDB	IEDB-KRAS-G12D-001
VGADGVGKSAL	GADGVGKSAL	1	0.909	-18	no	yes	IEDB	IEDB-KRAS-G12D-001
VGADGVGKSAL	GADGVGKSAL	1	0.909	-18	no	yes	IEDB	IEDB-KRAS-G12D-001
VGADGVGKSAL	GADGVGKSAL	1	0.909	-18	no	yes	IEDB	IEDB-KRAS-G12D-001
VGADGVGKSAL	GADGVGKSAL	1	0.909	-18	no	yes	IEDB	IEDB-KRAS-G12D-001
GADGVGKSA	GADGVGKSAL	1	0.9	41	yes	yes	IEDB	IEDB-KRAS-G12D-001
GADGVGKSA	GADGVGKSAL	1	0.9	41	yes	yes	IEDB	IEDB-KRAS-G12D-001
GADGVGKSA	GADGVGKSAL	1	0.9	41	yes	yes	IEDB	IEDB-KRAS-G12D-001
GADGVGKSA	GADGVGKSAL	1	0.9	41	yes	yes	IEDB	IEDB-KRAS-G12D-001
GADGVGKSA	GADGVGKSAL	1	0.9	41	yes	yes	IEDB	IEDB-KRAS-G12D-001
GADGVGKSA	GADGVGKSAL	1	0.9	41	yes	yes	IEDB	IEDB-KRAS-G12D-001
GADGVGKSA	GADGVGKSAL	1	0.9	41	yes	yes	IEDB	IEDB-KRAS-G12D-001
GADGVGKSA	GADGVGKSAL	1	0.9	41	yes	yes	IEDB	IEDB-KRAS-G12D-001
GADGVGKSA	GADGVGKSAL	1	0.9	41	yes	yes	IEDB	IEDB-KRAS-G12D-001
VVGADGVGKS	VVGADGVGK	1	0.9	41	yes	yes	VDJdb	VDJDB-KRAS-G12D-001
VVGADGVGKS	VVGADGVGK	1	0.9	41	yes	yes	VDJdb	VDJDB-KRAS-G12D-001
VVGADGVGKS	VVGADGVGK	1	0.9	41	yes	yes	VDJdb	VDJDB-KRAS-G12D-001
VVGADGVGKS	VVGADGVGK	1	0.9	41	yes	yes	VDJdb	VDJDB-KRAS-G12D-001
VVGADGVGKS	VVGADGVGK	1	0.9	41	yes	yes	VDJdb	VDJDB-KRAS-G12D-001
VVVGADGVG	VVVGADGVGK	1	0.9	40	yes	yes	NeoTCR	NEOTCR-KRAS-G12D-001
VVVGADGVGK	VVVGAVGVGK	1	0.9	40	no	yes	VDJdb	VDJDB-KRAS-G12V-001
VVVGADGVGK	VVVGACGVGK	1	0.9	40	no	yes	TCR3D	TCR3D-KRAS-LIKE-001
VVVGADGVGK	VVVGACGVGK	1	0.9	40	no	yes	TCR3D	TCR3D-KRAS-LIKE-001
VVGADGVGK	VVVGADGVGK	1	0.9	-10	no	yes	NeoTCR	NEOTCR-KRAS-G12D-001
VVVGADGVGK	VVGADGVGK	1	0.9	-10	no	yes	VDJdb	VDJDB-KRAS-G12D-001
VVVGADGVGK	VVGADGVGK	1	0.9	-10	no	yes	VDJdb	VDJDB-KRAS-G12D-001
VVVGADGVGK	VVGADGVGK	1	0.9	-10	no	yes	VDJdb	VDJDB-KRAS-G12D-001
VVVGADGVGK	VVGADGVGK	1	0.9	-10	no	yes	VDJdb	VDJDB-KRAS-G12D-001
VVVGADGVGK	VVGADGVGK	1	0.9	-10	no	yes	VDJdb	VDJDB-KRAS-G12D-001
ADGVGKSAL	GADGVGKSAL	1	0.9	-15	no	yes	IEDB	IEDB-KRAS-G12D-001
ADGVGKSAL	GADGVGKSAL	1	0.9	-15	no	yes	IEDB	IEDB-KRAS-G12D-001
ADGVGKSAL	GADGVGKSAL	1	0.9	-15	no	yes	IEDB	IEDB-KRAS-G12D-001
ADGVGKSAL	GADGVGKSAL	1	0.9	-15	no	yes	IEDB	IEDB-KRAS-G12D-001
ADGVGKSAL	GADGVGKSAL	1	0.9	-15	no	yes	IEDB	IEDB-KRAS-G12D-001
ADGVGKSAL	GADGVGKSAL	1	0.9	-15	no	yes	IEDB	IEDB-KRAS-G12D-001
ADGVGKSAL	GADGVGKSAL	1	0.9	-15	no	yes	IEDB	IEDB-KRAS-G12D-001
ADGVGKSAL	GADGVGKSAL	1	0.9	-15	no	yes	IEDB	IEDB-KRAS-G12D-001
ADGVGKSAL	GADGVGKSAL	1	0.9	-15	no	yes	IEDB	IEDB-KRAS-G12D-001
VVGADGVG	VVGADGVGK	1	0.889	36	yes	yes	VDJdb	VDJDB-KRAS-G12D-001
VVGADGVG	VVGADGVGK	1	0.889	36	yes	yes	VDJdb	VDJDB-KRAS-G12D-001
VVGADGVG	VVGADGVGK	1	0.889	36	yes	yes	VDJdb	VDJDB-KRAS-G12D-001
VVGADGVG	VVGADGVGK	1	0.889	36	yes	yes	VDJdb	VDJDB-KRAS-G12D-001
VVGADGVG	VVGADGVGK	1	0.889	36	yes	yes	VDJdb	VDJDB-KRAS-G12D-001
VGADGVGK	VVGADGVGK	1	0.889	-14	no	yes	VDJdb	VDJDB-KRAS-G12D-001
VGADGVGK	VVGADGVGK	1	0.889	-14	no	yes	VDJdb	VDJDB-KRAS-G12D-001
VGADGVGK	VVGADGVGK	1	0.889	-14	no	yes	VDJdb	VDJDB-KRAS-G12D-001
VGADGVGK	VVGADGVGK	1	0.889	-14	no	yes	VDJdb	VDJDB-KRAS-G12D-001
VGADGVGK	VVGADGVGK	1	0.889	-14	no	yes	VDJdb	VDJDB-KRAS-G12D-001
VVGADGVGKSA	VVGADGVGK	2	0.818	37	yes	yes	VDJdb	VDJDB-KRAS-G12D-001
VVGADGVGKSA	VVGADGVGK	2	0.818	37	yes	yes	VDJdb	VDJDB-KRAS-G12D-001
VVGADGVGKSA	VVGADGVGK	2	0.818	37	yes	yes	VDJdb	VDJDB-KRAS-G12D-001
VVGADGVGKSA	VVGADGVGK	2	0.818	37	yes	yes	VDJdb	VDJDB-KRAS-G12D-001
VVGADGVGKSA	VVGADGVGK	2	0.818	37	yes	yes	VDJdb	VDJDB-KRAS-G12D-001
VVVGADGVGKS	VVVGAVGVGK	2	0.818	36	no	yes	VDJdb	VDJDB-KRAS-G12V-001
VVVGADGVGKS	VVVGACGVGK	2	0.818	36	no	yes	TCR3D	TCR3D-KRAS-LIKE-001
VVVGADGVGKS	VVVGACGVGK	2	0.818	36	no	yes	TCR3D	TCR3D-KRAS-LIKE-001
LVVVGADGVGK	VVGADGVGK	2	0.818	-6	no	yes	VDJdb	VDJDB-KRAS-G12D-001
LVVVGADGVGK	VVGADGVGK	2	0.818	-6	no	yes	VDJdb	VDJDB-KRAS-G12D-001
LVVVGADGVGK	VVGADGVGK	2	0.818	-6	no	yes	VDJdb	VDJDB-KRAS-G12D-001
LVVVGADGVGK	VVGADGVGK	2	0.818	-6	no	yes	VDJdb	VDJDB-KRAS-G12D-001
LVVVGADGVGK	VVGADGVGK	2	0.818	-6	no	yes	VDJdb	VDJDB-KRAS-G12D-001
LVVVGADGVGK	VVVGAVGVGK	2	0.818	-7	no	yes	VDJdb	VDJDB-KRAS-G12V-001
LVVVGADGVGK	VVVGACGVGK	2	0.818	-7	no	yes	TCR3D	TCR3D-KRAS-LIKE-001
LVVVGADGVGK	VVVGACGVGK	2	0.818	-7	no	yes	TCR3D	TCR3D-KRAS-LIKE-001
VVVGADGVGKS	VVGADGVGK	2	0.818	-14	no	yes	VDJdb	VDJDB-KRAS-G12D-001
VVVGADGVGKS	VVGADGVGK	2	0.818	-14	no	yes	VDJdb	VDJDB-KRAS-G12D-001
VVVGADGVGKS	VVGADGVGK	2	0.818	-14	no	yes	VDJdb	VDJDB-KRAS-G12D-001
VVVGADGVGKS	VVGADGVGK	2	0.818	-14	no	yes	VDJdb	VDJDB-KRAS-G12D-001
VVVGADGVGKS	VVGADGVGK	2	0.818	-14	no	yes	VDJdb	VDJDB-KRAS-G12D-001
GADGVGKS	GADGVGKSAL	2	0.8	33	yes	yes	IEDB	IEDB-KRAS-G12D-001
GADGVGKS	GADGVGKSAL	2	0.8	33	yes	yes	IEDB	IEDB-KRAS-G12D-001
GADGVGKS	GADGVGKSAL	2	0.8	33	yes	yes	IEDB	IEDB-KRAS-G12D-001
GADGVGKS	GADGVGKSAL	2	0.8	33	yes	yes	IEDB	IEDB-KRAS-G12D-001
GADGVGKS	GADGVGKSAL	2	0.8	33	yes	yes	IEDB	IEDB-KRAS-G12D-001
GADGVGKS	GADGVGKSAL	2	0.8	33	yes	yes	IEDB	IEDB-KRAS-G12D-001
GADGVGKS	GADGVGKSAL	2	0.8	33	yes	yes	IEDB	IEDB-KRAS-G12D-001
GADGVGKS	GADGVGKSAL	2	0.8	33	yes	yes	IEDB	IEDB-KRAS-G12D-001
GADGVGKS	GADGVGKSAL	2	0.8	33	yes	yes	IEDB	IEDB-KRAS-G12D-001
VVVGADGVG	VVVGAVGVGK	2	0.8	31	no	yes	VDJdb	VDJDB-KRAS-G12V-001
VVVGADGVG	VVVGACGVGK	2	0.8	31	no	yes	TCR3D	TCR3D-KRAS-LIKE-001
VVVGADGVG	VVVGACGVGK	2	0.8	31	no	yes	TCR3D	TCR3D-KRAS-LIKE-001
VVVGADGV	VVVGADGVGK	2	0.8	30	yes	yes	NeoTCR	NEOTCR-KRAS-G12D-001
LVVVGADGVG	VVVGADGVGK	2	0.8	-5	no	yes	NeoTCR	NEOTCR-KRAS-G12D-001
VVGADGVGKS	VVVGADGVGK	2	0.8	-6	no	yes	NeoTCR	NEOTCR-KRAS-G12D-001
VGADGVGK	VVVGADGVGK	2	0.8	-7	no	yes	NeoTCR	NEOTCR-KRAS-G12D-001
DGVGKSAL	GADGVGKSAL	2	0.8	-11	no	yes	IEDB	IEDB-KRAS-G12D-001
DGVGKSAL	GADGVGKSAL	2	0.8	-11	no	yes	IEDB	IEDB-KRAS-G12D-001
DGVGKSAL	GADGVGKSAL	2	0.8	-11	no	yes	IEDB	IEDB-KRAS-G12D-001
DGVGKSAL	GADGVGKSAL	2	0.8	-11	no	yes	IEDB	IEDB-KRAS-G12D-001
DGVGKSAL	GADGVGKSAL	2	0.8	-11	no	yes	IEDB	IEDB-KRAS-G12D-001
DGVGKSAL	GADGVGKSAL	2	0.8	-11	no	yes	IEDB	IEDB-KRAS-G12D-001
DGVGKSAL	GADGVGKSAL	2	0.8	-11	no	yes	IEDB	IEDB-KRAS-G12D-001
DGVGKSAL	GADGVGKSAL	2	0.8	-11	no	yes	IEDB	IEDB-KRAS-G12D-001
DGVGKSAL	GADGVGKSAL	2	0.8	-11	no	yes	IEDB	IEDB-KRAS-G12D-001
VVGADGVG	VVVGADGVGK	2	0.8	-12	no	yes	NeoTCR	NEOTCR-KRAS-G12D-001
VVGADGVGK	VVVGAVGVGK	2	0.8	-12	no	yes	VDJdb	VDJDB-KRAS-G12V-001
VVGADGVGK	VVVGACGVGK	2	0.8	-12	no	yes	TCR3D	TCR3D-KRAS-LIKE-001
VVGADGVGK	VVVGACGVGK	2	0.8	-12	no	yes	TCR3D	TCR3D-KRAS-LIKE-001
ADGVGKSALT	GADGVGKSAL	2	0.8	-12	no	yes	IEDB	IEDB-KRAS-G12D-001
ADGVGKSALT	GADGVGKSAL	2	0.8	-12	no	yes	IEDB	IEDB-KRAS-G12D-001
ADGVGKSALT	GADGVGKSAL	2	0.8	-12	no	yes	IEDB	IEDB-KRAS-G12D-001
ADGVGKSALT	GADGVGKSAL	2	0.8	-12	no	yes	IEDB	IEDB-KRAS-G12D-001
ADGVGKSALT	GADGVGKSAL	2	0.8	-12	no	yes	IEDB	IEDB-KRAS-G12D-001
ADGVGKSALT	GADGVGKSAL	2	0.8	-12	no	yes	IEDB	IEDB-KRAS-G12D-001
ADGVGKSALT	GADGVGKSAL	2	0.8	-12	no	yes	IEDB	IEDB-KRAS-G12D-001
ADGVGKSALT	GADGVGKSAL	2	0.8	-12	no	yes	IEDB	IEDB-KRAS-G12D-001
ADGVGKSALT	GADGVGKSAL	2	0.8	-12	no	yes	IEDB	IEDB-KRAS-G12D-001
VGADGVGKSA	GADGVGKSAL	2	0.8	-14	no	yes	IEDB	IEDB-KRAS-G12D-001
VGADGVGKSA	GADGVGKSAL	2	0.8	-14	no	yes	IEDB	IEDB-KRAS-G12D-001
VGADGVGKSA	GADGVGKSAL	2	0.8	-14	no	yes	IEDB	IEDB-KRAS-G12D-001
VGADGVGKSA	GADGVGKSAL	2	0.8	-14	no	yes	IEDB	IEDB-KRAS-G12D-001
VGADGVGKSA	GADGVGKSAL	2	0.8	-14	no	yes	IEDB	IEDB-KRAS-G12D-001
VGADGVGKSA	GADGVGKSAL	2	0.8	-14	no	yes	IEDB	IEDB-KRAS-G12D-001
VGADGVGKSA	GADGVGKSAL	2	0.8	-14	no	yes	IEDB	IEDB-KRAS-G12D-001
VGADGVGKSA	GADGVGKSAL	2	0.8	-14	no	yes	IEDB	IEDB-KRAS-G12D-001
VGADGVGKSA	GADGVGKSAL	2	0.8	-14	no	yes	IEDB	IEDB-KRAS-G12D-001
ADGVGKSA	GADGVGKSAL	2	0.8	-18	no	yes	IEDB	IEDB-KRAS-G12D-001
ADGVGKSA	GADGVGKSAL	2	0.8	-18	no	yes	IEDB	IEDB-KRAS-G12D-001
ADGVGKSA	GADGVGKSAL	2	0.8	-18	no	yes	IEDB	IEDB-KRAS-G12D-001
ADGVGKSA	GADGVGKSAL	2	0.8	-18	no	yes	IEDB	IEDB-KRAS-G12D-001
ADGVGKSA	GADGVGKSAL	2	0.8	-18	no	yes	IEDB	IEDB-KRAS-G12D-001
ADGVGKSA	GADGVGKSAL	2	0.8	-18	no	yes	IEDB	IEDB-KRAS-G12D-001
ADGVGKSA	GADGVGKSAL	2	0.8	-18	no	yes	IEDB	IEDB-KRAS-G12D-001
ADGVGKSA	GADGVGKSAL	2	0.8	-18	no	yes	IEDB	IEDB-KRAS-G12D-001
ADGVGKSA	GADGVGKSAL	2	0.8	-18	no	yes	IEDB	IEDB-KRAS-G12D-001
VVVGADGVG	VVGADGVGK	2	0.778	-6	no	yes	VDJdb	VDJDB-KRAS-G12D-001
VVVGADGVG	VVGADGVGK	2	0.778	-6	no	yes	VDJdb	VDJDB-KRAS-G12D-001
VVVGADGVG	VVGADGVGK	2	0.778	-6	no	yes	VDJdb	VDJDB-KRAS-G12D-001
VVVGADGVG	VVGADGVGK	2	0.778	-6	no	yes	VDJdb	VDJDB-KRAS-G12D-001
VVVGADGVG	VVGADGVGK	2	0.778	-6	no	yes	VDJdb	VDJDB-KRAS-G12D-001
VGADGVGKS	VVGADGVGK	2	0.778	-10	no	yes	VDJdb	VDJDB-KRAS-G12D-001
VGADGVGKS	VVGADGVGK	2	0.778	-10	no	yes	VDJdb	VDJDB-KRAS-G12D-001
VGADGVGKS	VVGADGVGK	2	0.778	-10	no	yes	VDJdb	VDJDB-KRAS-G12D-001
VGADGVGKS	VVGADGVGK	2	0.778	-10	no	yes	VDJdb	VDJDB-KRAS-G12D-001
VGADGVGKS	VVGADGVGK	2	0.778	-10	no	yes	VDJdb	VDJDB-KRAS-G12D-001
KLVVVGADGVG	VVVGADGVGK	3	0.727	-4	no	yes	NeoTCR	NEOTCR-KRAS-G12D-001
VVGADGVGKSA	GADGVGKSAL	3	0.727	-10	no	yes	IEDB	IEDB-KRAS-G12D-001
VVGADGVGKSA	GADGVGKSAL	3	0.727	-10	no	yes	IEDB	IEDB-KRAS-G12D-001
VVGADGVGKSA	VVVGADGVGK	3	0.727	-10	no	yes	NeoTCR	NEOTCR-KRAS-G12D-001
VVGADGVGKSA	GADGVGKSAL	3	0.727	-10	no	yes	IEDB	IEDB-KRAS-G12D-001
VVGADGVGKSA	GADGVGKSAL	3	0.727	-10	no	yes	IEDB	IEDB-KRAS-G12D-001
VVGADGVGKSA	GADGVGKSAL	3	0.727	-10	no	yes	IEDB	IEDB-KRAS-G12D-001
VVGADGVGKSA	GADGVGKSAL	3	0.727	-10	no	yes	IEDB	IEDB-KRAS-G12D-001
VVGADGVGKSA	GADGVGKSAL	3	0.727	-10	no	yes	IEDB	IEDB-KRAS-G12D-001
VVGADGVGKSA	GADGVGKSAL	3	0.727	-10	no	yes	IEDB	IEDB-KRAS-G12D-001
VVGADGVGKSA	GADGVGKSAL	3	0.727	-10	no	yes	IEDB	IEDB-KRAS-G12D-001
ADGVGKSALTI	GADGVGKSAL	3	0.727	-16	no	yes	IEDB	IEDB-KRAS-G12D-001
ADGVGKSALTI	GADGVGKSAL	3	0.727	-16	no	yes	IEDB	IEDB-KRAS-G12D-001
ADGVGKSALTI	GADGVGKSAL	3	0.727	-16	no	yes	IEDB	IEDB-KRAS-G12D-001
ADGVGKSALTI	GADGVGKSAL	3	0.727	-16	no	yes	IEDB	IEDB-KRAS-G12D-001
ADGVGKSALTI	GADGVGKSAL	3	0.727	-16	no	yes	IEDB	IEDB-KRAS-G12D-001
ADGVGKSALTI	GADGVGKSAL	3	0.727	-16	no	yes	IEDB	IEDB-KRAS-G12D-001
ADGVGKSALTI	GADGVGKSAL	3	0.727	-16	no	yes	IEDB	IEDB-KRAS-G12D-001
ADGVGKSALTI	GADGVGKSAL	3	0.727	-16	no	yes	IEDB	IEDB-KRAS-G12D-001
ADGVGKSALTI	GADGVGKSAL	3	0.727	-16	no	yes	IEDB	IEDB-KRAS-G12D-001
VVVGADGV	VVVGAVGVGK	3	0.7	21	no	yes	VDJdb	VDJDB-KRAS-G12V-001
VVVGADGV	VVVGACGVGK	3	0.7	21	no	yes	TCR3D	TCR3D-KRAS-LIKE-001
VVVGADGV	VVVGACGVGK	3	0.7	21	no	yes	TCR3D	TCR3D-KRAS-LIKE-001
VGADGVGK	VVVGAVGVGK	3	0.7	0	no	yes	VDJdb	VDJDB-KRAS-G12V-001
LVVVGADGVG	VVGADGVGK	3	0.7	-2	no	yes	VDJdb	VDJDB-KRAS-G12D-001
LVVVGADGVG	VVGADGVGK	3	0.7	-2	no	yes	VDJdb	VDJDB-KRAS-G12D-001
LVVVGADGVG	VVGADGVGK	3	0.7	-2	no	yes	VDJdb	VDJDB-KRAS-G12D-001
LVVVGADGVG	VVGADGVGK	3	0.7	-2	no	yes	VDJdb	VDJDB-KRAS-G12D-001
LVVVGADGVG	VVGADGVGK	3	0.7	-2	no	yes	VDJdb	VDJDB-KRAS-G12D-001
VGADGVGKS	VVVGADGVGK	3	0.7	-3	no	yes	NeoTCR	NEOTCR-KRAS-G12D-001
LVVVGADGVG	VVVGAVGVGK	3	0.7	-3	no	yes	VDJdb	VDJDB-KRAS-G12V-001
LVVVGADGVG	VVVGACGVGK	3	0.7	-3	no	yes	TCR3D	TCR3D-KRAS-LIKE-001
LVVVGADGVG	VVVGACGVGK	3	0.7	-3	no	yes	TCR3D	TCR3D-KRAS-LIKE-001
VGADGVGK	VVVGACGVGK	3	0.7	-5	no	yes	TCR3D	TCR3D-KRAS-LIKE-001
VGADGVGK	VVVGACGVGK	3	0.7	-5	no	yes	TCR3D	TCR3D-KRAS-LIKE-001
LVVVGADGV	VVVGADGVGK	3	0.7	-7	no	yes	NeoTCR	NEOTCR-KRAS-G12D-001
DGVGKSALT	GADGVGKSAL	3	0.7	-7	no	yes	IEDB	IEDB-KRAS-G12D-001
DGVGKSALT	GADGVGKSAL	3	0.7	-7	no	yes	IEDB	IEDB-KRAS-G12D-001
DGVGKSALT	GADGVGKSAL	3	0.7	-7	no	yes	IEDB	IEDB-KRAS-G12D-001
DGVGKSALT	GADGVGKSAL	3	0.7	-7	no	yes	IEDB	IEDB-KRAS-G12D-001
DGVGKSALT	GADGVGKSAL	3	0.7	-7	no	yes	IEDB	IEDB-KRAS-G12D-001
DGVGKSALT	GADGVGKSAL	3	0.7	-7	no	yes	IEDB	IEDB-KRAS-G12D-001
DGVGKSALT	GADGVGKSAL	3	0.7	-7	no	yes	IEDB	IEDB-KRAS-G12D-001
DGVGKSALT	GADGVGKSAL	3	0.7	-7	no	yes	IEDB	IEDB-KRAS-G12D-001
DGVGKSALT	GADGVGKSAL	3	0.7	-7	no	yes	IEDB	IEDB-KRAS-G12D-001
VVGADGVGKS	VVVGAVGVGK	3	0.7	-8	no	yes	VDJdb	VDJDB-KRAS-G12V-001
VVGADGVGKS	VVVGACGVGK	3	0.7	-8	no	yes	TCR3D	TCR3D-KRAS-LIKE-001
VVGADGVGKS	VVVGACGVGK	3	0.7	-8	no	yes	TCR3D	TCR3D-KRAS-LIKE-001
VVGADGVG	VVVGAVGVGK	3	0.7	-14	no	yes	VDJdb	VDJDB-KRAS-G12V-001
VVGADGVG	VVVGACGVGK	3	0.7	-14	no	yes	TCR3D	TCR3D-KRAS-LIKE-001
VVGADGVG	VVVGACGVGK	3	0.7	-14	no	yes	TCR3D	TCR3D-KRAS-LIKE-001
VGADGVGKSA	VVGADGVGK	3	0.7	-14	no	yes	VDJdb	VDJDB-KRAS-G12D-001
VGADGVGKSA	VVGADGVGK	3	0.7	-14	no	yes	VDJdb	VDJDB-KRAS-G12D-001
VGADGVGKSA	VVGADGVGK	3	0.7	-14	no	yes	VDJdb	VDJDB-KRAS-G12D-001
VGADGVGKSA	VVGADGVGK	3	0.7	-14	no	yes	VDJdb	VDJDB-KRAS-G12D-001
VGADGVGKSA	VVGADGVGK	3	0.7	-14	no	yes	VDJdb	VDJDB-KRAS-G12D-001
VGADGVGKS	GADGVGKSAL	3	0.7	-17	no	yes	IEDB	IEDB-KRAS-G12D-001
VGADGVGKS	GADGVGKSAL	3	0.7	-17	no	yes	IEDB	IEDB-KRAS-G12D-001
VGADGVGKS	GADGVGKSAL	3	0.7	-17	no	yes	IEDB	IEDB-KRAS-G12D-001
VGADGVGKS	GADGVGKSAL	3	0.7	-17	no	yes	IEDB	IEDB-KRAS-G12D-001
VGADGVGKS	GADGVGKSAL	3	0.7	-17	no	yes	IEDB	IEDB-KRAS-G12D-001
VGADGVGKS	GADGVGKSAL	3	0.7	-17	no	yes	IEDB	IEDB-KRAS-G12D-001
VGADGVGKS	GADGVGKSAL	3	0.7	-17	no	yes	IEDB	IEDB-KRAS-G12D-001
VGADGVGKS	GADGVGKSAL	3	0.7	-17	no	yes	IEDB	IEDB-KRAS-G12D-001
VGADGVGKS	GADGVGKSAL	3	0.7	-17	no	yes	IEDB	IEDB-KRAS-G12D-001
GADGVGKS	VVGADGVGK	3	0.667	-7	no	yes	VDJdb	VDJDB-KRAS-G12D-001
GADGVGKS	VVGADGVGK	3	0.667	-7	no	yes	VDJdb	VDJDB-KRAS-G12D-001
GADGVGKS	VVGADGVGK	3	0.667	-7	no	yes	VDJdb	VDJDB-KRAS-G12D-001
GADGVGKS	VVGADGVGK	3	0.667	-7	no	yes	VDJdb	VDJDB-KRAS-G12D-001
GADGVGKS	VVGADGVGK	3	0.667	-7	no	yes	VDJdb	VDJDB-KRAS-G12D-001
VVVGADGV	VVGADGVGK	3	0.667	-8	no	yes	VDJdb	VDJDB-KRAS-G12D-001
VVVGADGV	VVGADGVGK	3	0.667	-8	no	yes	VDJdb	VDJDB-KRAS-G12D-001
VVVGADGV	VVGADGVGK	3	0.667	-8	no	yes	VDJdb	VDJDB-KRAS-G12D-001
VVVGADGV	VVGADGVGK	3	0.667	-8	no	yes	VDJdb	VDJDB-KRAS-G12D-001
VVVGADGV	VVGADGVGK	3	0.667	-8	no	yes	VDJdb	VDJDB-KRAS-G12D-001
KLVVVGADGVG	VVVGAVGVGK	4	0.636	-6	no	yes	VDJdb	VDJDB-KRAS-G12V-001
KLVVVGADGVG	VVVGACGVGK	4	0.636	-6	no	yes	TCR3D	TCR3D-KRAS-LIKE-001
KLVVVGADGVG	VVVGACGVGK	4	0.636	-6	no	yes	TCR3D	TCR3D-KRAS-LIKE-001
KLVVVGADGVG	VVGADGVGK	4	0.636	-12	no	yes	VDJdb	VDJDB-KRAS-G12D-001
KLVVVGADGVG	VVGADGVGK	4	0.636	-12	no	yes	VDJdb	VDJDB-KRAS-G12D-001
KLVVVGADGVG	VVGADGVGK	4	0.636	-12	no	yes	VDJdb	VDJDB-KRAS-G12D-001
KLVVVGADGVG	VVGADGVGK	4	0.636	-12	no	yes	VDJdb	VDJDB-KRAS-G12D-001
KLVVVGADGVG	VVGADGVGK	4	0.636	-12	no	yes	VDJdb	VDJDB-KRAS-G12D-001
VVGADGVGKSA	VVVGAVGVGK	4	0.636	-12	no	yes	VDJdb	VDJDB-KRAS-G12V-001
VVGADGVGKSA	VVVGACGVGK	4	0.636	-12	no	yes	TCR3D	TCR3D-KRAS-LIKE-001
VVGADGVGKSA	VVVGACGVGK	4	0.636	-12	no	yes	TCR3D	TCR3D-KRAS-LIKE-001
VGADGVGKSAL	VVGADGVGK	4	0.636	-18	no	yes	VDJdb	VDJDB-KRAS-G12D-001
VGADGVGKSAL	VVGADGVGK	4	0.636	-18	no	yes	VDJdb	VDJDB-KRAS-G12D-001
VGADGVGKSAL	VVGADGVGK	4	0.636	-18	no	yes	VDJdb	VDJDB-KRAS-G12D-001
VGADGVGKSAL	VVGADGVGK	4	0.636	-18	no	yes	VDJdb	VDJDB-KRAS-G12D-001
VGADGVGKSAL	VVGADGVGK	4	0.636	-18	no	yes	VDJdb	VDJDB-KRAS-G12D-001
VGADGVGKS	VVVGAVGVGK	4	0.6	4	no	yes	VDJdb	VDJDB-KRAS-G12V-001
KLVVVGADGV	VVVGADGVGK	4	0.6	0	no	yes	NeoTCR	NEOTCR-KRAS-G12D-001
VGADGVGKSA	VVVGADGVGK	4	0.6	0	no	yes	NeoTCR	NEOTCR-KRAS-G12D-001
VGADGVGKS	VVVGACGVGK	4	0.6	-1	no	yes	TCR3D	TCR3D-KRAS-LIKE-001
VGADGVGKS	VVVGACGVGK	4	0.6	-1	no	yes	TCR3D	TCR3D-KRAS-LIKE-001
DGVGKSALTI	GADGVGKSAL	4	0.6	-1	no	yes	IEDB	IEDB-KRAS-G12D-001
DGVGKSALTI	GADGVGKSAL	4	0.6	-1	no	yes	IEDB	IEDB-KRAS-G12D-001
DGVGKSALTI	GADGVGKSAL	4	0.6	-1	no	yes	IEDB	IEDB-KRAS-G12D-001
DGVGKSALTI	GADGVGKSAL	4	0.6	-1	no	yes	IEDB	IEDB-KRAS-G12D-001
DGVGKSALTI	GADGVGKSAL	4	0.6	-1	no	yes	IEDB	IEDB-KRAS-G12D-001
DGVGKSALTI	GADGVGKSAL	4	0.6	-1	no	yes	IEDB	IEDB-KRAS-G12D-001
DGVGKSALTI	GADGVGKSAL	4	0.6	-1	no	yes	IEDB	IEDB-KRAS-G12D-001
DGVGKSALTI	GADGVGKSAL	4	0.6	-1	no	yes	IEDB	IEDB-KRAS-G12D-001
DGVGKSALTI	GADGVGKSAL	4	0.6	-1	no	yes	IEDB	IEDB-KRAS-G12D-001
LVVVGADGV	VVVGAVGVGK	4	0.6	-5	no	yes	VDJdb	VDJDB-KRAS-G12V-001
LVVVGADGV	VVVGACGVGK	4	0.6	-5	no	yes	TCR3D	TCR3D-KRAS-LIKE-001
LVVVGADGV	VVVGACGVGK	4	0.6	-5	no	yes	TCR3D	TCR3D-KRAS-LIKE-001
VVGADGVGKS	GADGVGKSAL	4	0.6	-6	no	yes	IEDB	IEDB-KRAS-G12D-001
VVGADGVGKS	GADGVGKSAL	4	0.6	-6	no	yes	IEDB	IEDB-KRAS-G12D-001
VVGADGVGKS	GADGVGKSAL	4	0.6	-6	no	yes	IEDB	IEDB-KRAS-G12D-001
VVGADGVGKS	GADGVGKSAL	4	0.6	-6	no	yes	IEDB	IEDB-KRAS-G12D-001
VVGADGVGKS	GADGVGKSAL	4	0.6	-6	no	yes	IEDB	IEDB-KRAS-G12D-001
VVGADGVGKS	GADGVGKSAL	4	0.6	-6	no	yes	IEDB	IEDB-KRAS-G12D-001
VVGADGVGKS	GADGVGKSAL	4	0.6	-6	no	yes	IEDB	IEDB-KRAS-G12D-001
VVGADGVGKS	GADGVGKSAL	4	0.6	-6	no	yes	IEDB	IEDB-KRAS-G12D-001
VVGADGVGKS	GADGVGKSAL	4	0.6	-6	no	yes	IEDB	IEDB-KRAS-G12D-001
LVVVGADG	VVVGADGVGK	4	0.6	-8	no	yes	NeoTCR	NEOTCR-KRAS-G12D-001
GADGVGKS	VVVGADGVGK	4	0.6	-13	no	yes	NeoTCR	NEOTCR-KRAS-G12D-001
VGADGVGK	GADGVGKSAL	4	0.6	-22	no	yes	IEDB	IEDB-KRAS-G12D-001
VGADGVGK	GADGVGKSAL	4	0.6	-22	no	yes	IEDB	IEDB-KRAS-G12D-001
VGADGVGK	GADGVGKSAL	4	0.6	-22	no	yes	IEDB	IEDB-KRAS-G12D-001
VGADGVGK	GADGVGKSAL	4	0.6	-22	no	yes	IEDB	IEDB-KRAS-G12D-001
VGADGVGK	GADGVGKSAL	4	0.6	-22	no	yes	IEDB	IEDB-KRAS-G12D-001
VGADGVGK	GADGVGKSAL	4	0.6	-22	no	yes	IEDB	IEDB-KRAS-G12D-001
VGADGVGK	GADGVGKSAL	4	0.6	-22	no	yes	IEDB	IEDB-KRAS-G12D-001
VGADGVGK	GADGVGKSAL	4	0.6	-22	no	yes	IEDB	IEDB-KRAS-G12D-001
VGADGVGK	GADGVGKSAL	4	0.6	-22	no	yes	IEDB	IEDB-KRAS-G12D-001
LVVVGADGV	VVGADGVGK	4	0.556	2	no	yes	VDJdb	VDJDB-KRAS-G12D-001
LVVVGADGV	VVGADGVGK	4	0.556	2	no	yes	VDJdb	VDJDB-KRAS-G12D-001
LVVVGADGV	VVGADGVGK	4	0.556	2	no	yes	VDJdb	VDJDB-KRAS-G12D-001
LVVVGADGV	VVGADGVGK	4	0.556	2	no	yes	VDJdb	VDJDB-KRAS-G12D-001
LVVVGADGV	VVGADGVGK	4	0.556	2	no	yes	VDJdb	VDJDB-KRAS-G12D-001
GADGVGKSA	VVGADGVGK	4	0.556	-4	no	yes	VDJdb	VDJDB-KRAS-G12D-001
GADGVGKSA	VVGADGVGK	4	0.556	-4	no	yes	VDJdb	VDJDB-KRAS-G12D-001
GADGVGKSA	VVGADGVGK	4	0.556	-4	no	yes	VDJdb	VDJDB-KRAS-G12D-001
GADGVGKSA	VVGADGVGK	4	0.556	-4	no	yes	VDJdb	VDJDB-KRAS-G12D-001
GADGVGKSA	VVGADGVGK	4	0.556	-4	no	yes	VDJdb	VDJDB-KRAS-G12D-001
VGADGVGKSAL	VVVGADGVGK	5	0.545	-4	no	yes	NeoTCR	NEOTCR-KRAS-G12D-001
DGVGKSALTIQ	GADGVGKSAL	5	0.545	-5	no	yes	IEDB	IEDB-KRAS-G12D-001
DGVGKSALTIQ	GADGVGKSAL	5	0.545	-5	no	yes	IEDB	IEDB-KRAS-G12D-001
DGVGKSALTIQ	GADGVGKSAL	5	0.545	-5	no	yes	IEDB	IEDB-KRAS-G12D-001
DGVGKSALTIQ	GADGVGKSAL	5	0.545	-5	no	yes	IEDB	IEDB-KRAS-G12D-001
DGVGKSALTIQ	GADGVGKSAL	5	0.545	-5	no	yes	IEDB	IEDB-KRAS-G12D-001
DGVGKSALTIQ	GADGVGKSAL	5	0.545	-5	no	yes	IEDB	IEDB-KRAS-G12D-001
DGVGKSALTIQ	GADGVGKSAL	5	0.545	-5	no	yes	IEDB	IEDB-KRAS-G12D-001
DGVGKSALTIQ	GADGVGKSAL	5	0.545	-5	no	yes	IEDB	IEDB-KRAS-G12D-001
DGVGKSALTIQ	GADGVGKSAL	5	0.545	-5	no	yes	IEDB	IEDB-KRAS-G12D-001
YKLVVVGADGV	VVVGADGVGK	5	0.545	-9	no	yes	NeoTCR	NEOTCR-KRAS-G12D-001
VVVGADGVGKS	GADGVGKSAL	5	0.545	-11	no	yes	IEDB	IEDB-KRAS-G12D-001
VVVGADGVGKS	GADGVGKSAL	5	0.545	-11	no	yes	IEDB	IEDB-KRAS-G12D-001
VVVGADGVGKS	GADGVGKSAL	5	0.545	-11	no	yes	IEDB	IEDB-KRAS-G12D-001
VVVGADGVGKS	GADGVGKSAL	5	0.545	-11	no	yes	IEDB	IEDB-KRAS-G12D-001
VVVGADGVGKS	GADGVGKSAL	5	0.545	-11	no	yes	IEDB	IEDB-KRAS-G12D-001
VVVGADGVGKS	GADGVGKSAL	5	0.545	-11	no	yes	IEDB	IEDB-KRAS-G12D-001
VVVGADGVGKS	GADGVGKSAL	5	0.545	-11	no	yes	IEDB	IEDB-KRAS-G12D-001
VVVGADGVGKS	GADGVGKSAL	5	0.545	-11	no	yes	IEDB	IEDB-KRAS-G12D-001
VVVGADGVGKS	GADGVGKSAL	5	0.545	-11	no	yes	IEDB	IEDB-KRAS-G12D-001
VGADGVGKSA	VVVGAVGVGK	5	0.5	7	no	yes	VDJdb	VDJDB-KRAS-G12V-001
VGADGVGKSA	VVVGACGVGK	5	0.5	2	no	yes	TCR3D	TCR3D-KRAS-LIKE-001
VGADGVGKSA	VVVGACGVGK	5	0.5	2	no	yes	TCR3D	TCR3D-KRAS-LIKE-001
KLVVVGADG	VVVGADGVGK	5	0.5	-2	no	yes	NeoTCR	NEOTCR-KRAS-G12D-001
KLVVVGADGV	VVVGAVGVGK	5	0.5	-2	no	yes	VDJdb	VDJDB-KRAS-G12V-001
KLVVVGADGV	VVVGACGVGK	5	0.5	-2	no	yes	TCR3D	TCR3D-KRAS-LIKE-001
KLVVVGADGV	VVVGACGVGK	5	0.5	-2	no	yes	TCR3D	TCR3D-KRAS-LIKE-001
LVVVGADG	VVVGAVGVGK	5	0.5	-6	no	yes	VDJdb	VDJDB-KRAS-G12V-001
LVVVGADG	VVVGACGVGK	5	0.5	-6	no	yes	TCR3D	TCR3D-KRAS-LIKE-001
LVVVGADG	VVVGACGVGK	5	0.5	-6	no	yes	TCR3D	TCR3D-KRAS-LIKE-001
VVGADGVGK	GADGVGKSAL	5	0.5	-8	no	yes	IEDB	IEDB-KRAS-G12D-001
VVGADGVGK	GADGVGKSAL	5	0.5	-8	no	yes	IEDB	IEDB-KRAS-G12D-001
VVGADGVGK	GADGVGKSAL	5	0.5	-8	no	yes	IEDB	IEDB-KRAS-G12D-001
VVGADGVGK	GADGVGKSAL	5	0.5	-8	no	yes	IEDB	IEDB-KRAS-G12D-001
VVGADGVGK	GADGVGKSAL	5	0.5	-8	no	yes	IEDB	IEDB-KRAS-G12D-001
VVGADGVGK	GADGVGKSAL	5	0.5	-8	no	yes	IEDB	IEDB-KRAS-G12D-001
VVGADGVGK	GADGVGKSAL	5	0.5	-8	no	yes	IEDB	IEDB-KRAS-G12D-001
VVGADGVGK	GADGVGKSAL	5	0.5	-8	no	yes	IEDB	IEDB-KRAS-G12D-001
VVGADGVGK	GADGVGKSAL	5	0.5	-8	no	yes	IEDB	IEDB-KRAS-G12D-001
KLVVVGADGV	VVGADGVGK	5	0.5	-8	no	yes	VDJdb	VDJDB-KRAS-G12D-001
KLVVVGADGV	VVGADGVGK	5	0.5	-8	no	yes	VDJdb	VDJDB-KRAS-G12D-001
KLVVVGADGV	VVGADGVGK	5	0.5	-8	no	yes	VDJdb	VDJDB-KRAS-G12D-001
KLVVVGADGV	VVGADGVGK	5	0.5	-8	no	yes	VDJdb	VDJDB-KRAS-G12D-001
KLVVVGADGV	VVGADGVGK	5	0.5	-8	no	yes	VDJdb	VDJDB-KRAS-G12D-001
GADGVGKSAL	VVGADGVGK	5	0.5	-8	no	yes	VDJdb	VDJDB-KRAS-G12D-001
GADGVGKSAL	VVGADGVGK	5	0.5	-8	no	yes	VDJdb	VDJDB-KRAS-G12D-001
GADGVGKSAL	VVGADGVGK	5	0.5	-8	no	yes	VDJdb	VDJDB-KRAS-G12D-001
GADGVGKSAL	VVGADGVGK	5	0.5	-8	no	yes	VDJdb	VDJDB-KRAS-G12D-001
GADGVGKSAL	VVGADGVGK	5	0.5	-8	no	yes	VDJdb	VDJDB-KRAS-G12D-001
GADGVGKSA	VVVGADGVGK	5	0.5	-9	no	yes	NeoTCR	NEOTCR-KRAS-G12D-001
GADGVGKS	VVVGAVGVGK	5	0.5	-15	no	yes	VDJdb	VDJDB-KRAS-G12V-001
GADGVGKS	VVVGACGVGK	5	0.5	-15	no	yes	TCR3D	TCR3D-KRAS-LIKE-001
GADGVGKS	VVVGACGVGK	5	0.5	-15	no	yes	TCR3D	TCR3D-KRAS-LIKE-001
VGADGVGKSAL	VVVGAVGVGK	6	0.455	3	no	yes	VDJdb	VDJDB-KRAS-G12V-001
YKLVVVGADGV	VVVGAVGVGK	6	0.455	-2	no	yes	VDJdb	VDJDB-KRAS-G12V-001
VGADGVGKSAL	VVVGACGVGK	6	0.455	-2	no	yes	TCR3D	TCR3D-KRAS-LIKE-001
VGADGVGKSAL	VVVGACGVGK	6	0.455	-2	no	yes	TCR3D	TCR3D-KRAS-LIKE-001
YKLVVVGADGV	VVVGACGVGK	6	0.455	-7	no	yes	TCR3D	TCR3D-KRAS-LIKE-001
YKLVVVGADGV	VVVGACGVGK	6	0.455	-7	no	yes	TCR3D	TCR3D-KRAS-LIKE-001
GADGVGKSALT	VVGADGVGK	6	0.455	-12	no	yes	VDJdb	VDJDB-KRAS-G12D-001
GADGVGKSALT	VVGADGVGK	6	0.455	-12	no	yes	VDJdb	VDJDB-KRAS-G12D-001
GADGVGKSALT	VVGADGVGK	6	0.455	-12	no	yes	VDJdb	VDJDB-KRAS-G12D-001
GADGVGKSALT	VVGADGVGK	6	0.455	-12	no	yes	VDJdb	VDJDB-KRAS-G12D-001
GADGVGKSALT	VVGADGVGK	6	0.455	-12	no	yes	VDJdb	VDJDB-KRAS-G12D-001
YKLVVVGADGV	VVGADGVGK	6	0.455	-25	no	yes	VDJdb	VDJDB-KRAS-G12D-001
YKLVVVGADGV	VVGADGVGK	6	0.455	-25	no	yes	VDJdb	VDJDB-KRAS-G12D-001
YKLVVVGADGV	VVGADGVGK	6	0.455	-25	no	yes	VDJdb	VDJDB-KRAS-G12D-001
YKLVVVGADGV	VVGADGVGK	6	0.455	-25	no	yes	VDJdb	VDJDB-KRAS-G12D-001
YKLVVVGADGV	VVGADGVGK	6	0.455	-25	no	yes	VDJdb	VDJDB-KRAS-G12D-001
LVVVGADG	VVGADGVGK	5	0.444	0	no	yes	VDJdb	VDJDB-KRAS-G12D-001
LVVVGADG	VVGADGVGK	5	0.444	0	no	yes	VDJdb	VDJDB-KRAS-G12D-001
LVVVGADG	VVGADGVGK	5	0.444	0	no	yes	VDJdb	VDJDB-KRAS-G12D-001
LVVVGADG	VVGADGVGK	5	0.444	0	no	yes	VDJdb	VDJDB-KRAS-G12D-001
LVVVGADG	VVGADGVGK	5	0.444	0	no	yes	VDJdb	VDJDB-KRAS-G12D-001
ADGVGKSA	VVGADGVGK	5	0.444	-6	no	yes	VDJdb	VDJDB-KRAS-G12D-001
ADGVGKSA	VVGADGVGK	5	0.444	-6	no	yes	VDJdb	VDJDB-KRAS-G12D-001
ADGVGKSA	VVGADGVGK	5	0.444	-6	no	yes	VDJdb	VDJDB-KRAS-G12D-001
ADGVGKSA	VVGADGVGK	5	0.444	-6	no	yes	VDJdb	VDJDB-KRAS-G12D-001
ADGVGKSA	VVGADGVGK	5	0.444	-6	no	yes	VDJdb	VDJDB-KRAS-G12D-001
KLVVVGADG	VVVGAVGVGK	6	0.4	-4	no	yes	VDJdb	VDJDB-KRAS-G12V-001
KLVVVGADG	VVVGACGVGK	6	0.4	-4	no	yes	TCR3D	TCR3D-KRAS-LIKE-001
KLVVVGADG	VVVGACGVGK	6	0.4	-4	no	yes	TCR3D	TCR3D-KRAS-LIKE-001
YKLVVVGADG	VVVGADGVGK	6	0.4	-5	no	yes	NeoTCR	NEOTCR-KRAS-G12D-001
VVVGADGVGK	GADGVGKSAL	6	0.4	-7	no	yes	IEDB	IEDB-KRAS-G12D-001
VVVGADGVGK	GADGVGKSAL	6	0.4	-7	no	yes	IEDB	IEDB-KRAS-G12D-001
VVVGADGVGK	GADGVGKSAL	6	0.4	-7	no	yes	IEDB	IEDB-KRAS-G12D-001
VVVGADGVGK	GADGVGKSAL	6	0.4	-7	no	yes	IEDB	IEDB-KRAS-G12D-001
VVVGADGVGK	GADGVGKSAL	6	0.4	-7	no	yes	IEDB	IEDB-KRAS-G12D-001
VVVGADGVGK	GADGVGKSAL	6	0.4	-7	no	yes	IEDB	IEDB-KRAS-G12D-001
VVVGADGVGK	GADGVGKSAL	6	0.4	-7	no	yes	IEDB	IEDB-KRAS-G12D-001
VVVGADGVGK	GADGVGKSAL	6	0.4	-7	no	yes	IEDB	IEDB-KRAS-G12D-001
VVVGADGVGK	GADGVGKSAL	6	0.4	-7	no	yes	IEDB	IEDB-KRAS-G12D-001
GADGVGKSAL	VVVGADGVGK	6	0.4	-7	no	yes	NeoTCR	NEOTCR-KRAS-G12D-001
VVGADGVG	GADGVGKSAL	6	0.4	-11	no	yes	IEDB	IEDB-KRAS-G12D-001
VVGADGVG	GADGVGKSAL	6	0.4	-11	no	yes	IEDB	IEDB-KRAS-G12D-001
VVGADGVG	GADGVGKSAL	6	0.4	-11	no	yes	IEDB	IEDB-KRAS-G12D-001
VVGADGVG	GADGVGKSAL	6	0.4	-11	no	yes	IEDB	IEDB-KRAS-G12D-001
VVGADGVG	GADGVGKSAL	6	0.4	-11	no	yes	IEDB	IEDB-KRAS-G12D-001
VVGADGVG	GADGVGKSAL	6	0.4	-11	no	yes	IEDB	IEDB-KRAS-G12D-001
VVGADGVG	GADGVGKSAL	6	0.4	-11	no	yes	IEDB	IEDB-KRAS-G12D-001
VVGADGVG	GADGVGKSAL	6	0.4	-11	no	yes	IEDB	IEDB-KRAS-G12D-001
VVGADGVG	GADGVGKSAL	6	0.4	-11	no	yes	IEDB	IEDB-KRAS-G12D-001
GADGVGKSA	VVVGAVGVGK	6	0.4	-11	no	yes	VDJdb	VDJDB-KRAS-G12V-001
GADGVGKSA	VVVGACGVGK	6	0.4	-11	no	yes	TCR3D	TCR3D-KRAS-LIKE-001
GADGVGKSA	VVVGACGVGK	6	0.4	-11	no	yes	TCR3D	TCR3D-KRAS-LIKE-001
KLVVVGAD	VVVGADGVGK	6	0.4	-12	no	yes	NeoTCR	NEOTCR-KRAS-G12D-001
ADGVGKSA	VVVGADGVGK	6	0.4	-18	no	yes	NeoTCR	NEOTCR-KRAS-G12D-001
GADGVGKSALT	VVVGADGVGK	7	0.364	-11	no	yes	NeoTCR	NEOTCR-KRAS-G12D-001
LVVVGADGVGK	GADGVGKSAL	7	0.364	-22	no	yes	IEDB	IEDB-KRAS-G12D-001
LVVVGADGVGK	GADGVGKSAL	7	0.364	-22	no	yes	IEDB	IEDB-KRAS-G12D-001
LVVVGADGVGK	GADGVGKSAL	7	0.364	-22	no	yes	IEDB	IEDB-KRAS-G12D-001
LVVVGADGVGK	GADGVGKSAL	7	0.364	-22	no	yes	IEDB	IEDB-KRAS-G12D-001
LVVVGADGVGK	GADGVGKSAL	7	0.364	-22	no	yes	IEDB	IEDB-KRAS-G12D-001
LVVVGADGVGK	GADGVGKSAL	7	0.364	-22	no	yes	IEDB	IEDB-KRAS-G12D-001
LVVVGADGVGK	GADGVGKSAL	7	0.364	-22	no	yes	IEDB	IEDB-KRAS-G12D-001
LVVVGADGVGK	GADGVGKSAL	7	0.364	-22	no	yes	IEDB	IEDB-KRAS-G12D-001
LVVVGADGVGK	GADGVGKSAL	7	0.364	-22	no	yes	IEDB	IEDB-KRAS-G12D-001
EYKLVVVGADG	VVVGADGVGK	7	0.364	-23	no	yes	NeoTCR	NEOTCR-KRAS-G12D-001
KLVVVGADG	VVGADGVGK	6	0.333	-4	no	yes	VDJdb	VDJDB-KRAS-G12D-001
KLVVVGADG	VVGADGVGK	6	0.333	-4	no	yes	VDJdb	VDJDB-KRAS-G12D-001
KLVVVGADG	VVGADGVGK	6	0.333	-4	no	yes	VDJdb	VDJDB-KRAS-G12D-001
KLVVVGADG	VVGADGVGK	6	0.333	-4	no	yes	VDJdb	VDJDB-KRAS-G12D-001
KLVVVGADG	VVGADGVGK	6	0.333	-4	no	yes	VDJdb	VDJDB-KRAS-G12D-001
ADGVGKSAL	VVGADGVGK	6	0.333	-4	no	yes	VDJdb	VDJDB-KRAS-G12D-001
ADGVGKSAL	VVGADGVGK	6	0.333	-4	no	yes	VDJdb	VDJDB-KRAS-G12D-001
ADGVGKSAL	VVGADGVGK	6	0.333	-4	no	yes	VDJdb	VDJDB-KRAS-G12D-001
ADGVGKSAL	VVGADGVGK	6	0.333	-4	no	yes	VDJdb	VDJDB-KRAS-G12D-001
ADGVGKSAL	VVGADGVGK	6	0.333	-4	no	yes	VDJdb	VDJDB-KRAS-G12D-001
YKLVVVGADG	VVVGAVGVGK	7	0.3	2	no	yes	VDJdb	VDJDB-KRAS-G12V-001
YKLVVVGADG	VVVGACGVGK	7	0.3	-3	no	yes	TCR3D	TCR3D-KRAS-LIKE-001
YKLVVVGADG	VVVGACGVGK	7	0.3	-3	no	yes	TCR3D	TCR3D-KRAS-LIKE-001
YKLVVVGAD	VVVGADGVGK	7	0.3	-7	no	yes	NeoTCR	NEOTCR-KRAS-G12D-001
KLVVVGAD	GADGVGKSAL	7	0.3	-8	no	yes	IEDB	IEDB-KRAS-G12D-001
KLVVVGAD	GADGVGKSAL	7	0.3	-8	no	yes	IEDB	IEDB-KRAS-G12D-001
KLVVVGAD	GADGVGKSAL	7	0.3	-8	no	yes	IEDB	IEDB-KRAS-G12D-001
KLVVVGAD	GADGVGKSAL	7	0.3	-8	no	yes	IEDB	IEDB-KRAS-G12D-001
KLVVVGAD	GADGVGKSAL	7	0.3	-8	no	yes	IEDB	IEDB-KRAS-G12D-001
KLVVVGAD	GADGVGKSAL	7	0.3	-8	no	yes	IEDB	IEDB-KRAS-G12D-001
KLVVVGAD	GADGVGKSAL	7	0.3	-8	no	yes	IEDB	IEDB-KRAS-G12D-001
KLVVVGAD	GADGVGKSAL	7	0.3	-8	no	yes	IEDB	IEDB-KRAS-G12D-001
KLVVVGAD	GADGVGKSAL	7	0.3	-8	no	yes	IEDB	IEDB-KRAS-G12D-001
ADGVGKSALT	VVGADGVGK	7	0.3	-8	no	yes	VDJdb	VDJDB-KRAS-G12D-001
ADGVGKSALT	VVGADGVGK	7	0.3	-8	no	yes	VDJdb	VDJDB-KRAS-G12D-001
ADGVGKSALT	VVGADGVGK	7	0.3	-8	no	yes	VDJdb	VDJDB-KRAS-G12D-001
ADGVGKSALT	VVGADGVGK	7	0.3	-8	no	yes	VDJdb	VDJDB-KRAS-G12D-001
ADGVGKSALT	VVGADGVGK	7	0.3	-8	no	yes	VDJdb	VDJDB-KRAS-G12D-001
VVVGADGVG	GADGVGKSAL	7	0.3	-9	no	yes	IEDB	IEDB-KRAS-G12D-001
VVVGADGVG	GADGVGKSAL	7	0.3	-9	no	yes	IEDB	IEDB-KRAS-G12D-001
VVVGADGVG	GADGVGKSAL	7	0.3	-9	no	yes	IEDB	IEDB-KRAS-G12D-001
VVVGADGVG	GADGVGKSAL	7	0.3	-9	no	yes	IEDB	IEDB-KRAS-G12D-001
VVVGADGVG	GADGVGKSAL	7	0.3	-9	no	yes	IEDB	IEDB-KRAS-G12D-001
VVVGADGVG	GADGVGKSAL	7	0.3	-9	no	yes	IEDB	IEDB-KRAS-G12D-001
VVVGADGVG	GADGVGKSAL	7	0.3	-9	no	yes	IEDB	IEDB-KRAS-G12D-001
VVVGADGVG	GADGVGKSAL	7	0.3	-9	no	yes	IEDB	IEDB-KRAS-G12D-001
VVVGADGVG	GADGVGKSAL	7	0.3	-9	no	yes	IEDB	IEDB-KRAS-G12D-001
GADGVGKSAL	VVVGAVGVGK	7	0.3	-9	no	yes	VDJdb	VDJDB-KRAS-G12V-001
GADGVGKSAL	VVVGACGVGK	7	0.3	-9	no	yes	TCR3D	TCR3D-KRAS-LIKE-001
GADGVGKSAL	VVVGACGVGK	7	0.3	-9	no	yes	TCR3D	TCR3D-KRAS-LIKE-001
KLVVVGAD	VVVGAVGVGK	7	0.3	-14	no	yes	VDJdb	VDJDB-KRAS-G12V-001
KLVVVGAD	VVVGACGVGK	7	0.3	-14	no	yes	TCR3D	TCR3D-KRAS-LIKE-001
KLVVVGAD	VVVGACGVGK	7	0.3	-14	no	yes	TCR3D	TCR3D-KRAS-LIKE-001
ADGVGKSAL	VVVGADGVGK	7	0.3	-18	no	yes	NeoTCR	NEOTCR-KRAS-G12D-001
ADGVGKSA	VVVGAVGVGK	7	0.3	-19	no	yes	VDJdb	VDJDB-KRAS-G12V-001
ADGVGKSA	VVVGACGVGK	7	0.3	-20	no	yes	TCR3D	TCR3D-KRAS-LIKE-001
ADGVGKSA	VVVGACGVGK	7	0.3	-20	no	yes	TCR3D	TCR3D-KRAS-LIKE-001
YKLVVVGADG	VVGADGVGK	7	0.3	-21	no	yes	VDJdb	VDJDB-KRAS-G12D-001
YKLVVVGADG	VVGADGVGK	7	0.3	-21	no	yes	VDJdb	VDJDB-KRAS-G12D-001
YKLVVVGADG	VVGADGVGK	7	0.3	-21	no	yes	VDJdb	VDJDB-KRAS-G12D-001
YKLVVVGADG	VVGADGVGK	7	0.3	-21	no	yes	VDJdb	VDJDB-KRAS-G12D-001
YKLVVVGADG	VVGADGVGK	7	0.3	-21	no	yes	VDJdb	VDJDB-KRAS-G12D-001
TEYKLVVVGAD	VVVGAVGVGK	8	0.273	0	unknown	yes	VDJdb	VDJDB-KRAS-G12V-001
EYKLVVVGADG	VVGADGVGK	8	0.273	-11	unknown	yes	VDJdb	VDJDB-KRAS-G12D-001
EYKLVVVGADG	VVGADGVGK	8	0.273	-11	unknown	yes	VDJdb	VDJDB-KRAS-G12D-001
EYKLVVVGADG	VVGADGVGK	8	0.273	-11	unknown	yes	VDJdb	VDJDB-KRAS-G12D-001
EYKLVVVGADG	VVGADGVGK	8	0.273	-11	unknown	yes	VDJdb	VDJDB-KRAS-G12D-001
EYKLVVVGADG	VVGADGVGK	8	0.273	-11	unknown	yes	VDJdb	VDJDB-KRAS-G12D-001
ADGVGKSALTI	VVGADGVGK	8	0.273	-12	no	yes	VDJdb	VDJDB-KRAS-G12D-001
ADGVGKSALTI	VVGADGVGK	8	0.273	-12	no	yes	VDJdb	VDJDB-KRAS-G12D-001
ADGVGKSALTI	VVGADGVGK	8	0.273	-12	no	yes	VDJdb	VDJDB-KRAS-G12D-001
ADGVGKSALTI	VVGADGVGK	8	0.273	-12	no	yes	VDJdb	VDJDB-KRAS-G12D-001
ADGVGKSALTI	VVGADGVGK	8	0.273	-12	no	yes	VDJdb	VDJDB-KRAS-G12D-001
GADGVGKSALT	VVVGAVGVGK	8	0.273	-13	no	yes	VDJdb	VDJDB-KRAS-G12V-001
GADGVGKSALT	VVVGACGVGK	8	0.273	-13	no	yes	TCR3D	TCR3D-KRAS-LIKE-001
GADGVGKSALT	VVVGACGVGK	8	0.273	-13	no	yes	TCR3D	TCR3D-KRAS-LIKE-001
EYKLVVVGADG	VVVGAVGVGK	8	0.273	-16	no	yes	VDJdb	VDJDB-KRAS-G12V-001
EYKLVVVGADG	VVVGACGVGK	8	0.273	-21	no	yes	TCR3D	TCR3D-KRAS-LIKE-001
EYKLVVVGADG	VVVGACGVGK	8	0.273	-21	no	yes	TCR3D	TCR3D-KRAS-LIKE-001
KLVVVGAD	VVGADGVGK	7	0.222	-6	no	yes	VDJdb	VDJDB-KRAS-G12D-001
KLVVVGAD	VVGADGVGK	7	0.222	-6	no	yes	VDJdb	VDJDB-KRAS-G12D-001
KLVVVGAD	VVGADGVGK	7	0.222	-6	no	yes	VDJdb	VDJDB-KRAS-G12D-001
KLVVVGAD	VVGADGVGK	7	0.222	-6	no	yes	VDJdb	VDJDB-KRAS-G12D-001
KLVVVGAD	VVGADGVGK	7	0.222	-6	no	yes	VDJdb	VDJDB-KRAS-G12D-001
DGVGKSAL	VVGADGVGK	7	0.222	-18	no	yes	VDJdb	VDJDB-KRAS-G12D-001
DGVGKSAL	VVGADGVGK	7	0.222	-18	no	yes	VDJdb	VDJDB-KRAS-G12D-001
DGVGKSAL	VVGADGVGK	7	0.222	-18	no	yes	VDJdb	VDJDB-KRAS-G12D-001
DGVGKSAL	VVGADGVGK	7	0.222	-18	no	yes	VDJdb	VDJDB-KRAS-G12D-001
DGVGKSAL	VVGADGVGK	7	0.222	-18	no	yes	VDJdb	VDJDB-KRAS-G12D-001
KLVVVGADGV	GADGVGKSAL	8	0.2	1	no	yes	IEDB	IEDB-KRAS-G12D-001
KLVVVGADGV	GADGVGKSAL	8	0.2	1	no	yes	IEDB	IEDB-KRAS-G12D-001
KLVVVGADGV	GADGVGKSAL	8	0.2	1	no	yes	IEDB	IEDB-KRAS-G12D-001
KLVVVGADGV	GADGVGKSAL	8	0.2	1	no	yes	IEDB	IEDB-KRAS-G12D-001
KLVVVGADGV	GADGVGKSAL	8	0.2	1	no	yes	IEDB	IEDB-KRAS-G12D-001
KLVVVGADGV	GADGVGKSAL	8	0.2	1	no	yes	IEDB	IEDB-KRAS-G12D-001
KLVVVGADGV	GADGVGKSAL	8	0.2	1	no	yes	IEDB	IEDB-KRAS-G12D-001
KLVVVGADGV	GADGVGKSAL	8	0.2	1	no	yes	IEDB	IEDB-KRAS-G12D-001
KLVVVGADGV	GADGVGKSAL	8	0.2	1	no	yes	IEDB	IEDB-KRAS-G12D-001
YKLVVVGAD	VVVGAVGVGK	8	0.2	0	no	yes	VDJdb	VDJDB-KRAS-G12V-001
DGVGKSALTI	VVVGADGVGK	8	0.2	-1	no	yes	NeoTCR	NEOTCR-KRAS-G12D-001
DGVGKSALT	VVVGADGVGK	8	0.2	-2	no	yes	NeoTCR	NEOTCR-KRAS-G12D-001
DGVGKSALTI	VVVGACGVGK	8	0.2	-2	no	yes	TCR3D	TCR3D-KRAS-LIKE-001
DGVGKSALTI	VVVGACGVGK	8	0.2	-2	no	yes	TCR3D	TCR3D-KRAS-LIKE-001
DGVGKSALT	VVVGACGVGK	8	0.2	-3	no	yes	TCR3D	TCR3D-KRAS-LIKE-001
DGVGKSALT	VVVGACGVGK	8	0.2	-3	no	yes	TCR3D	TCR3D-KRAS-LIKE-001
DGVGKSALTI	VVVGAVGVGK	8	0.2	-3	no	yes	VDJdb	VDJDB-KRAS-G12V-001
DGVGKSAL	VVVGADGVGK	8	0.2	-4	no	yes	NeoTCR	NEOTCR-KRAS-G12D-001
KLVVVGADG	GADGVGKSAL	8	0.2	-4	no	yes	IEDB	IEDB-KRAS-G12D-001
KLVVVGADG	GADGVGKSAL	8	0.2	-4	no	yes	IEDB	IEDB-KRAS-G12D-001
KLVVVGADG	GADGVGKSAL	8	0.2	-4	no	yes	IEDB	IEDB-KRAS-G12D-001
KLVVVGADG	GADGVGKSAL	8	0.2	-4	no	yes	IEDB	IEDB-KRAS-G12D-001
KLVVVGADG	GADGVGKSAL	8	0.2	-4	no	yes	IEDB	IEDB-KRAS-G12D-001
KLVVVGADG	GADGVGKSAL	8	0.2	-4	no	yes	IEDB	IEDB-KRAS-G12D-001
KLVVVGADG	GADGVGKSAL	8	0.2	-4	no	yes	IEDB	IEDB-KRAS-G12D-001
KLVVVGADG	GADGVGKSAL	8	0.2	-4	no	yes	IEDB	IEDB-KRAS-G12D-001
KLVVVGADG	GADGVGKSAL	8	0.2	-4	no	yes	IEDB	IEDB-KRAS-G12D-001
DGVGKSALT	VVVGAVGVGK	8	0.2	-4	no	yes	VDJdb	VDJDB-KRAS-G12V-001
DGVGKSAL	VVVGACGVGK	8	0.2	-5	no	yes	TCR3D	TCR3D-KRAS-LIKE-001
DGVGKSAL	VVVGACGVGK	8	0.2	-5	no	yes	TCR3D	TCR3D-KRAS-LIKE-001
YKLVVVGAD	VVVGACGVGK	8	0.2	-5	no	yes	TCR3D	TCR3D-KRAS-LIKE-001
YKLVVVGAD	VVVGACGVGK	8	0.2	-5	no	yes	TCR3D	TCR3D-KRAS-LIKE-001
DGVGKSAL	VVVGAVGVGK	8	0.2	-6	no	yes	VDJdb	VDJDB-KRAS-G12V-001
EYKLVVVGAD	VVGADGVGK	8	0.2	-7	unknown	yes	VDJdb	VDJDB-KRAS-G12D-001
EYKLVVVGAD	VVGADGVGK	8	0.2	-7	unknown	yes	VDJdb	VDJDB-KRAS-G12D-001
EYKLVVVGAD	VVGADGVGK	8	0.2	-7	unknown	yes	VDJdb	VDJDB-KRAS-G12D-001
EYKLVVVGAD	VVGADGVGK	8	0.2	-7	unknown	yes	VDJdb	VDJDB-KRAS-G12D-001
EYKLVVVGAD	VVGADGVGK	8	0.2	-7	unknown	yes	VDJdb	VDJDB-KRAS-G12D-001
EYKLVVVGAD	GADGVGKSAL	8	0.2	-10	no	yes	IEDB	IEDB-KRAS-G12D-001
EYKLVVVGAD	GADGVGKSAL	8	0.2	-10	no	yes	IEDB	IEDB-KRAS-G12D-001
EYKLVVVGAD	GADGVGKSAL	8	0.2	-10	no	yes	IEDB	IEDB-KRAS-G12D-001
EYKLVVVGAD	GADGVGKSAL	8	0.2	-10	no	yes	IEDB	IEDB-KRAS-G12D-001
EYKLVVVGAD	GADGVGKSAL	8	0.2	-10	no	yes	IEDB	IEDB-KRAS-G12D-001
EYKLVVVGAD	GADGVGKSAL	8	0.2	-10	no	yes	IEDB	IEDB-KRAS-G12D-001
EYKLVVVGAD	GADGVGKSAL	8	0.2	-10	no	yes	IEDB	IEDB-KRAS-G12D-001
EYKLVVVGAD	GADGVGKSAL	8	0.2	-10	no	yes	IEDB	IEDB-KRAS-G12D-001
EYKLVVVGAD	GADGVGKSAL	8	0.2	-10	no	yes	IEDB	IEDB-KRAS-G12D-001
EYKLVVVGAD	VVVGAVGVGK	8	0.2	-12	no	yes	VDJdb	VDJDB-KRAS-G12V-001
VVVGADGV	GADGVGKSAL	8	0.2	-13	no	yes	IEDB	IEDB-KRAS-G12D-001
VVVGADGV	GADGVGKSAL	8	0.2	-13	no	yes	IEDB	IEDB-KRAS-G12D-001
VVVGADGV	GADGVGKSAL	8	0.2	-13	no	yes	IEDB	IEDB-KRAS-G12D-001
VVVGADGV	GADGVGKSAL	8	0.2	-13	no	yes	IEDB	IEDB-KRAS-G12D-001
VVVGADGV	GADGVGKSAL	8	0.2	-13	no	yes	IEDB	IEDB-KRAS-G12D-001
VVVGADGV	GADGVGKSAL	8	0.2	-13	no	yes	IEDB	IEDB-KRAS-G12D-001
VVVGADGV	GADGVGKSAL	8	0.2	-13	no	yes	IEDB	IEDB-KRAS-G12D-001
VVVGADGV	GADGVGKSAL	8	0.2	-13	no	yes	IEDB	IEDB-KRAS-G12D-001
VVVGADGV	GADGVGKSAL	8	0.2	-13	no	yes	IEDB	IEDB-KRAS-G12D-001
ADGVGKSALT	VVVGADGVGK	8	0.2	-15	no	yes	NeoTCR	NEOTCR-KRAS-G12D-001
YKLVVVGAD	GADGVGKSAL	8	0.2	-17	no	yes	IEDB	IEDB-KRAS-G12D-001
YKLVVVGAD	GADGVGKSAL	8	0.2	-17	no	yes	IEDB	IEDB-KRAS-G12D-001
YKLVVVGAD	GADGVGKSAL	8	0.2	-17	no	yes	IEDB	IEDB-KRAS-G12D-001
YKLVVVGAD	GADGVGKSAL	8	0.2	-17	no	yes	IEDB	IEDB-KRAS-G12D-001
YKLVVVGAD	GADGVGKSAL	8	0.2	-17	no	yes	IEDB	IEDB-KRAS-G12D-001
YKLVVVGAD	GADGVGKSAL	8	0.2	-17	no	yes	IEDB	IEDB-KRAS-G12D-001
YKLVVVGAD	GADGVGKSAL	8	0.2	-17	no	yes	IEDB	IEDB-KRAS-G12D-001
YKLVVVGAD	GADGVGKSAL	8	0.2	-17	no	yes	IEDB	IEDB-KRAS-G12D-001
YKLVVVGAD	GADGVGKSAL	8	0.2	-17	no	yes	IEDB	IEDB-KRAS-G12D-001
LVVVGADGV	GADGVGKSAL	8	0.2	-18	no	yes	IEDB	IEDB-KRAS-G12D-001
LVVVGADGV	GADGVGKSAL	8	0.2	-18	no	yes	IEDB	IEDB-KRAS-G12D-001
LVVVGADGV	GADGVGKSAL	8	0.2	-18	no	yes	IEDB	IEDB-KRAS-G12D-001
LVVVGADGV	GADGVGKSAL	8	0.2	-18	no	yes	IEDB	IEDB-KRAS-G12D-001
LVVVGADGV	GADGVGKSAL	8	0.2	-18	no	yes	IEDB	IEDB-KRAS-G12D-001
LVVVGADGV	GADGVGKSAL	8	0.2	-18	no	yes	IEDB	IEDB-KRAS-G12D-001
LVVVGADGV	GADGVGKSAL	8	0.2	-18	no	yes	IEDB	IEDB-KRAS-G12D-001
LVVVGADGV	GADGVGKSAL	8	0.2	-18	no	yes	IEDB	IEDB-KRAS-G12D-001
LVVVGADGV	GADGVGKSAL	8	0.2	-18	no	yes	IEDB	IEDB-KRAS-G12D-001
LVVVGADGVG	GADGVGKSAL	8	0.2	-18	no	yes	IEDB	IEDB-KRAS-G12D-001
LVVVGADGVG	GADGVGKSAL	8	0.2	-18	no	yes	IEDB	IEDB-KRAS-G12D-001
LVVVGADGVG	GADGVGKSAL	8	0.2	-18	no	yes	IEDB	IEDB-KRAS-G12D-001
LVVVGADGVG	GADGVGKSAL	8	0.2	-18	no	yes	IEDB	IEDB-KRAS-G12D-001
LVVVGADGVG	GADGVGKSAL	8	0.2	-18	no	yes	IEDB	IEDB-KRAS-G12D-001
LVVVGADGVG	GADGVGKSAL	8	0.2	-18	no	yes	IEDB	IEDB-KRAS-G12D-001
LVVVGADGVG	GADGVGKSAL	8	0.2	-18	no	yes	IEDB	IEDB-KRAS-G12D-001
LVVVGADGVG	GADGVGKSAL	8	0.2	-18	no	yes	IEDB	IEDB-KRAS-G12D-001
LVVVGADGVG	GADGVGKSAL	8	0.2	-18	no	yes	IEDB	IEDB-KRAS-G12D-001
ADGVGKSAL	VVVGAVGVGK	8	0.2	-19	no	yes	VDJdb	VDJDB-KRAS-G12V-001
EYKLVVVGAD	VVVGADGVGK	8	0.2	-19	no	yes	NeoTCR	NEOTCR-KRAS-G12D-001
DGVGKSALTI	VVGADGVGK	8	0.2	-19	no	yes	VDJdb	VDJDB-KRAS-G12D-001
DGVGKSALTI	VVGADGVGK	8	0.2	-19	no	yes	VDJdb	VDJDB-KRAS-G12D-001
DGVGKSALTI	VVGADGVGK	8	0.2	-19	no	yes	VDJdb	VDJDB-KRAS-G12D-001
DGVGKSALTI	VVGADGVGK	8	0.2	-19	no	yes	VDJdb	VDJDB-KRAS-G12D-001
DGVGKSALTI	VVGADGVGK	8	0.2	-19	no	yes	VDJdb	VDJDB-KRAS-G12D-001
ADGVGKSAL	VVVGACGVGK	8	0.2	-20	no	yes	TCR3D	TCR3D-KRAS-LIKE-001
ADGVGKSAL	VVVGACGVGK	8	0.2	-20	no	yes	TCR3D	TCR3D-KRAS-LIKE-001
LVVVGADG	GADGVGKSAL	8	0.2	-22	no	yes	IEDB	IEDB-KRAS-G12D-001
LVVVGADG	GADGVGKSAL	8	0.2	-22	no	yes	IEDB	IEDB-KRAS-G12D-001
LVVVGADG	GADGVGKSAL	8	0.2	-22	no	yes	IEDB	IEDB-KRAS-G12D-001
LVVVGADG	GADGVGKSAL	8	0.2	-22	no	yes	IEDB	IEDB-KRAS-G12D-001
LVVVGADG	GADGVGKSAL	8	0.2	-22	no	yes	IEDB	IEDB-KRAS-G12D-001
LVVVGADG	GADGVGKSAL	8	0.2	-22	no	yes	IEDB	IEDB-KRAS-G12D-001
LVVVGADG	GADGVGKSAL	8	0.2	-22	no	yes	IEDB	IEDB-KRAS-G12D-001
LVVVGADG	GADGVGKSAL	8	0.2	-22	no	yes	IEDB	IEDB-KRAS-G12D-001
LVVVGADG	GADGVGKSAL	8	0.2	-22	no	yes	IEDB	IEDB-KRAS-G12D-001
KLVVVGADGVG	GADGVGKSAL	9	0.182	-3	no	yes	IEDB	IEDB-KRAS-G12D-001
KLVVVGADGVG	GADGVGKSAL	9	0.182	-3	no	yes	IEDB	IEDB-KRAS-G12D-001
KLVVVGADGVG	GADGVGKSAL	9	0.182	-3	no	yes	IEDB	IEDB-KRAS-G12D-001
KLVVVGADGVG	GADGVGKSAL	9	0.182	-3	no	yes	IEDB	IEDB-KRAS-G12D-001
KLVVVGADGVG	GADGVGKSAL	9	0.182	-3	no	yes	IEDB	IEDB-KRAS-G12D-001
KLVVVGADGVG	GADGVGKSAL	9	0.182	-3	no	yes	IEDB	IEDB-KRAS-G12D-001
KLVVVGADGVG	GADGVGKSAL	9	0.182	-3	no	yes	IEDB	IEDB-KRAS-G12D-001
KLVVVGADGVG	GADGVGKSAL	9	0.182	-3	no	yes	IEDB	IEDB-KRAS-G12D-001
KLVVVGADGVG	GADGVGKSAL	9	0.182	-3	no	yes	IEDB	IEDB-KRAS-G12D-001
TEYKLVVVGAD	VVVGACGVGK	9	0.182	-5	unknown	yes	TCR3D	TCR3D-KRAS-LIKE-001
TEYKLVVVGAD	VVVGACGVGK	9	0.182	-5	unknown	yes	TCR3D	TCR3D-KRAS-LIKE-001
DGVGKSALTIQ	VVVGADGVGK	9	0.182	-5	no	yes	NeoTCR	NEOTCR-KRAS-G12D-001
DGVGKSALTIQ	VVVGACGVGK	9	0.182	-6	no	yes	TCR3D	TCR3D-KRAS-LIKE-001
DGVGKSALTIQ	VVVGACGVGK	9	0.182	-6	no	yes	TCR3D	TCR3D-KRAS-LIKE-001
TEYKLVVVGAD	VVVGADGVGK	9	0.182	-7	unknown	yes	NeoTCR	NEOTCR-KRAS-G12D-001
DGVGKSALTIQ	VVVGAVGVGK	9	0.182	-7	no	yes	VDJdb	VDJDB-KRAS-G12V-001
EYKLVVVGADG	GADGVGKSAL	9	0.182	-14	no	yes	IEDB	IEDB-KRAS-G12D-001
EYKLVVVGADG	GADGVGKSAL	9	0.182	-14	no	yes	IEDB	IEDB-KRAS-G12D-001
EYKLVVVGADG	GADGVGKSAL	9	0.182	-14	no	yes	IEDB	IEDB-KRAS-G12D-001
EYKLVVVGADG	GADGVGKSAL	9	0.182	-14	no	yes	IEDB	IEDB-KRAS-G12D-001
EYKLVVVGADG	GADGVGKSAL	9	0.182	-14	no	yes	IEDB	IEDB-KRAS-G12D-001
EYKLVVVGADG	GADGVGKSAL	9	0.182	-14	no	yes	IEDB	IEDB-KRAS-G12D-001
EYKLVVVGADG	GADGVGKSAL	9	0.182	-14	no	yes	IEDB	IEDB-KRAS-G12D-001
EYKLVVVGADG	GADGVGKSAL	9	0.182	-14	no	yes	IEDB	IEDB-KRAS-G12D-001
EYKLVVVGADG	GADGVGKSAL	9	0.182	-14	no	yes	IEDB	IEDB-KRAS-G12D-001
TEYKLVVVGAD	GADGVGKSAL	9	0.182	-19	unknown	yes	IEDB	IEDB-KRAS-G12D-001
TEYKLVVVGAD	GADGVGKSAL	9	0.182	-19	unknown	yes	IEDB	IEDB-KRAS-G12D-001
TEYKLVVVGAD	GADGVGKSAL	9	0.182	-19	unknown	yes	IEDB	IEDB-KRAS-G12D-001
TEYKLVVVGAD	GADGVGKSAL	9	0.182	-19	unknown	yes	IEDB	IEDB-KRAS-G12D-001
TEYKLVVVGAD	GADGVGKSAL	9	0.182	-19	unknown	yes	IEDB	IEDB-KRAS-G12D-001
TEYKLVVVGAD	GADGVGKSAL	9	0.182	-19	unknown	yes	IEDB	IEDB-KRAS-G12D-001
TEYKLVVVGAD	GADGVGKSAL	9	0.182	-19	unknown	yes	IEDB	IEDB-KRAS-G12D-001
TEYKLVVVGAD	GADGVGKSAL	9	0.182	-19	unknown	yes	IEDB	IEDB-KRAS-G12D-001
TEYKLVVVGAD	GADGVGKSAL	9	0.182	-19	unknown	yes	IEDB	IEDB-KRAS-G12D-001
ADGVGKSALTI	VVVGADGVGK	9	0.182	-19	no	yes	NeoTCR	NEOTCR-KRAS-G12D-001
ADGVGKSALTI	VVVGAVGVGK	9	0.182	-20	no	yes	VDJdb	VDJDB-KRAS-G12V-001
YKLVVVGADGV	GADGVGKSAL	9	0.182	-21	no	yes	IEDB	IEDB-KRAS-G12D-001
YKLVVVGADGV	GADGVGKSAL	9	0.182	-21	no	yes	IEDB	IEDB-KRAS-G12D-001
YKLVVVGADGV	GADGVGKSAL	9	0.182	-21	no	yes	IEDB	IEDB-KRAS-G12D-001
YKLVVVGADGV	GADGVGKSAL	9	0.182	-21	no	yes	IEDB	IEDB-KRAS-G12D-001
YKLVVVGADGV	GADGVGKSAL	9	0.182	-21	no	yes	IEDB	IEDB-KRAS-G12D-001
YKLVVVGADGV	GADGVGKSAL	9	0.182	-21	no	yes	IEDB	IEDB-KRAS-G12D-001
YKLVVVGADGV	GADGVGKSAL	9	0.182	-21	no	yes	IEDB	IEDB-KRAS-G12D-001
YKLVVVGADGV	GADGVGKSAL	9	0.182	-21	no	yes	IEDB	IEDB-KRAS-G12D-001
YKLVVVGADGV	GADGVGKSAL	9	0.182	-21	no	yes	IEDB	IEDB-KRAS-G12D-001
ADGVGKSALTI	VVVGACGVGK	9	0.182	-21	no	yes	TCR3D	TCR3D-KRAS-LIKE-001
ADGVGKSALTI	VVVGACGVGK	9	0.182	-21	no	yes	TCR3D	TCR3D-KRAS-LIKE-001
TEYKLVVVGAD	VVGADGVGK	9	0.182	-22	unknown	yes	VDJdb	VDJDB-KRAS-G12D-001
TEYKLVVVGAD	VVGADGVGK	9	0.182	-22	unknown	yes	VDJdb	VDJDB-KRAS-G12D-001
TEYKLVVVGAD	VVGADGVGK	9	0.182	-22	unknown	yes	VDJdb	VDJDB-KRAS-G12D-001
TEYKLVVVGAD	VVGADGVGK	9	0.182	-22	unknown	yes	VDJdb	VDJDB-KRAS-G12D-001
TEYKLVVVGAD	VVGADGVGK	9	0.182	-22	unknown	yes	VDJdb	VDJDB-KRAS-G12D-001
DGVGKSALTIQ	VVGADGVGK	9	0.182	-23	no	yes	VDJdb	VDJDB-KRAS-G12D-001
DGVGKSALTIQ	VVGADGVGK	9	0.182	-23	no	yes	VDJdb	VDJDB-KRAS-G12D-001
DGVGKSALTIQ	VVGADGVGK	9	0.182	-23	no	yes	VDJdb	VDJDB-KRAS-G12D-001
DGVGKSALTIQ	VVGADGVGK	9	0.182	-23	no	yes	VDJdb	VDJDB-KRAS-G12D-001
DGVGKSALTIQ	VVGADGVGK	9	0.182	-23	no	yes	VDJdb	VDJDB-KRAS-G12D-001
DGVGKSALT	VVGADGVGK	8	0.111	-15	no	yes	VDJdb	VDJDB-KRAS-G12D-001
DGVGKSALT	VVGADGVGK	8	0.111	-15	no	yes	VDJdb	VDJDB-KRAS-G12D-001
DGVGKSALT	VVGADGVGK	8	0.111	-15	no	yes	VDJdb	VDJDB-KRAS-G12D-001
DGVGKSALT	VVGADGVGK	8	0.111	-15	no	yes	VDJdb	VDJDB-KRAS-G12D-001
DGVGKSALT	VVGADGVGK	8	0.111	-15	no	yes	VDJdb	VDJDB-KRAS-G12D-001
YKLVVVGAD	VVGADGVGK	8	0.111	-17	no	yes	VDJdb	VDJDB-KRAS-G12D-001
YKLVVVGAD	VVGADGVGK	8	0.111	-17	no	yes	VDJdb	VDJDB-KRAS-G12D-001
YKLVVVGAD	VVGADGVGK	8	0.111	-17	no	yes	VDJdb	VDJDB-KRAS-G12D-001
YKLVVVGAD	VVGADGVGK	8	0.111	-17	no	yes	VDJdb	VDJDB-KRAS-G12D-001
YKLVVVGAD	VVGADGVGK	8	0.111	-17	no	yes	VDJdb	VDJDB-KRAS-G12D-001
ADGVGKSALT	VVVGAVGVGK	9	0.1	-16	no	yes	VDJdb	VDJDB-KRAS-G12V-001
EYKLVVVGAD	VVVGACGVGK	9	0.1	-17	no	yes	TCR3D	TCR3D-KRAS-LIKE-001
EYKLVVVGAD	VVVGACGVGK	9	0.1	-17	no	yes	TCR3D	TCR3D-KRAS-LIKE-001
YKLVVVGADG	GADGVGKSAL	9	0.1	-17	no	yes	IEDB	IEDB-KRAS-G12D-001
YKLVVVGADG	GADGVGKSAL	9	0.1	-17	no	yes	IEDB	IEDB-KRAS-G12D-001
YKLVVVGADG	GADGVGKSAL	9	0.1	-17	no	yes	IEDB	IEDB-KRAS-G12D-001
YKLVVVGADG	GADGVGKSAL	9	0.1	-17	no	yes	IEDB	IEDB-KRAS-G12D-001
YKLVVVGADG	GADGVGKSAL	9	0.1	-17	no	yes	IEDB	IEDB-KRAS-G12D-001
YKLVVVGADG	GADGVGKSAL	9	0.1	-17	no	yes	IEDB	IEDB-KRAS-G12D-001
YKLVVVGADG	GADGVGKSAL	9	0.1	-17	no	yes	IEDB	IEDB-KRAS-G12D-001
YKLVVVGADG	GADGVGKSAL	9	0.1	-17	no	yes	IEDB	IEDB-KRAS-G12D-001
YKLVVVGADG	GADGVGKSAL	9	0.1	-17	no	yes	IEDB	IEDB-KRAS-G12D-001
ADGVGKSALT	VVVGACGVGK	9	0.1	-17	no	yes	TCR3D	TCR3D-KRAS-LIKE-001
ADGVGKSALT	VVVGACGVGK	9	0.1	-17	no	yes	TCR3D	TCR3D-KRAS-LIKE-001
